level,descriptor,fit_set,n,slope,intercept,r,R2,p,SSE,MSE,RMSE,LOO_RMSE,Q2,slope_x_RT,compounds,pred_RMSE_other_groups
b3lyp_gas,max_qCM5_X,bromobenzene,7,148.7552,-0.79,0.9773,0.9551,0.0001,2.5729,0.3676,0.6063,0.8617,0.9094,,BrBz_1;BrBz_14;BrBz_13;BrBz_124;BrBz_135;BrBz_1245;BrBz_123456,3.178
b3lyp_gas,eff_dG_rad_red_kcal,bromobenzene,7,-0.1807,-10.0998,-0.9737,0.9481,0.0002,2.9755,0.4251,0.652,1.0595,0.863,,BrBz_1;BrBz_14;BrBz_13;BrBz_124;BrBz_135;BrBz_1245;BrBz_123456,2.313
b3lyp_gas,min_dG_rad_red_kcal,bromobenzene,7,-0.1838,-10.1598,-0.9733,0.9473,0.0002,3.0237,0.432,0.6572,1.0504,0.8653,,BrBz_1;BrBz_14;BrBz_13;BrBz_124;BrBz_135;BrBz_1245;BrBz_123456,2.346
b3lyp_gas,eff_dG_RA_2e_any_kcal,bromobenzene,7,-0.3111,-13.1925,-0.9649,0.931,0.0004,3.9581,0.5654,0.752,0.9952,0.8791,,BrBz_1;BrBz_14;BrBz_13;BrBz_124;BrBz_135;BrBz_1245;BrBz_123456,3.705
b3lyp_gas,eff_dG_frag_any_kcal,bromobenzene,7,0.4287,-5.5805,0.9618,0.925,0.0005,4.2997,0.6142,0.7837,1.436,0.7483,,BrBz_1;BrBz_14;BrBz_13;BrBz_124;BrBz_135;BrBz_1245;BrBz_123456,2.255
b3lyp_gas,min_dG_RA_2e_any_kcal,bromobenzene,7,-0.3184,-13.3101,-0.9605,0.9225,0.0006,4.4415,0.6345,0.7966,1.0374,0.8686,,BrBz_1;BrBz_14;BrBz_13;BrBz_124;BrBz_135;BrBz_1245;BrBz_123456,3.775
b3lyp_gas,min_dG_frag_any_kcal,bromobenzene,7,0.4087,-5.6014,0.96,0.9217,0.0006,4.4903,0.6415,0.8009,1.4426,0.7459,,BrBz_1;BrBz_14;BrBz_13;BrBz_124;BrBz_135;BrBz_1245;BrBz_123456,2.097
b3lyp_gas,LUMO_RA_eV,bromobenzene,7,-4.6549,4.5044,-0.9597,0.9211,0.0006,4.5242,0.6463,0.8039,1.5226,0.717,,BrBz_1;BrBz_14;BrBz_13;BrBz_124;BrBz_135;BrBz_1245;BrBz_123456,1.383
b3lyp_gas,eff_dG_2e_carbanion_kcal,bromobenzene,7,-0.1458,-10.8868,-0.9561,0.9141,0.0008,4.9266,0.7038,0.8389,1.5182,0.7186,,BrBz_1;BrBz_14;BrBz_13;BrBz_124;BrBz_135;BrBz_1245;BrBz_123456,1.288
b3lyp_gas,min_dG_2e_carbanion_kcal,bromobenzene,7,-0.1479,-10.9476,-0.9555,0.9131,0.0008,4.9845,0.7121,0.8438,1.509,0.722,,BrBz_1;BrBz_14;BrBz_13;BrBz_124;BrBz_135;BrBz_1245;BrBz_123456,1.318
b3lyp_gas,radius_A,bromobenzene,7,13.2925,-44.0777,0.9499,0.9023,0.0011,5.6026,0.8004,0.8946,1.5821,0.6944,,BrBz_1;BrBz_14;BrBz_13;BrBz_124;BrBz_135;BrBz_1245;BrBz_123456,1.484
b3lyp_gas,polar_iso_A3,bromobenzene,7,0.5767,-12.7004,0.9372,0.8784,0.0018,6.9729,0.9961,0.9981,1.8747,0.571,,BrBz_1;BrBz_14;BrBz_13;BrBz_124;BrBz_135;BrBz_1245;BrBz_123456,1.601
b3lyp_gas,mu_Koopmans_eV,bromobenzene,7,-7.795,-35.3715,-0.9359,0.8759,0.0019,7.1174,1.0168,1.0084,1.9234,0.5483,,BrBz_1;BrBz_14;BrBz_13;BrBz_124;BrBz_135;BrBz_1245;BrBz_123456,1.791
b3lyp_gas,n_X,bromobenzene,7,1.7556,-6.915,0.9274,0.8601,0.0026,8.0218,1.146,1.0705,2.084,0.4698,,BrBz_1;BrBz_14;BrBz_13;BrBz_124;BrBz_135;BrBz_1245;BrBz_123456,2.545
b3lyp_gas,dG_ET_any_kcal,bromobenzene,7,-0.2618,-8.5164,-0.9258,0.8571,0.0028,8.1919,1.1703,1.0818,2.3756,0.311,,BrBz_1;BrBz_14;BrBz_13;BrBz_124;BrBz_135;BrBz_1245;BrBz_123456,1.814
b3lyp_gas,min_wiberg_CX_parent,bromobenzene,7,306.4347,-322.437,0.92,0.8463,0.0033,8.8122,1.2589,1.122,1.8575,0.5788,,BrBz_1;BrBz_14;BrBz_13;BrBz_124;BrBz_135;BrBz_1245;BrBz_123456,8.733
b3lyp_gas,LUMO_eV,bromobenzene,7,-4.6493,-8.9407,-0.918,0.8427,0.0035,9.0202,1.2886,1.1352,2.4259,0.2816,,BrBz_1;BrBz_14;BrBz_13;BrBz_124;BrBz_135;BrBz_1245;BrBz_123456,1.77
b3lyp_gas,VEA_eV,bromobenzene,7,4.2239,-2.0191,0.8953,0.8015,0.0064,11.3824,1.6261,1.2752,2.2717,0.37,,BrBz_1;BrBz_14;BrBz_13;BrBz_124;BrBz_135;BrBz_1245;BrBz_123456,1.775
b3lyp_gas,eta_dSCF_eV,bromobenzene,7,-4.0865,34.1355,-0.891,0.794,0.0071,11.8142,1.6877,1.2991,2.2305,0.3926,,BrBz_1;BrBz_14;BrBz_13;BrBz_124;BrBz_135;BrBz_1245;BrBz_123456,2.382
b3lyp_gas,eff_dG_2e_HDH_kcal,bromobenzene,7,-0.5971,-260.1147,-0.8783,0.7715,0.0093,13.1044,1.8721,1.3682,2.7484,0.0778,,BrBz_1;BrBz_14;BrBz_13;BrBz_124;BrBz_135;BrBz_1245;BrBz_123456,3.481
b3lyp_gas,omega_Koopmans_eV,bromobenzene,7,5.4381,-11.1367,0.8729,0.762,0.0103,13.6451,1.9493,1.3962,3.523,-0.5153,,BrBz_1;BrBz_14;BrBz_13;BrBz_124;BrBz_135;BrBz_1245;BrBz_123456,1.831
b3lyp_gas,min_dG_2e_HDH_kcal,bromobenzene,7,-0.6342,-275.8338,-0.8696,0.7562,0.011,13.9811,1.9973,1.4133,2.8314,0.0213,,BrBz_1;BrBz_14;BrBz_13;BrBz_124;BrBz_135;BrBz_1245;BrBz_123456,3.812
b3lyp_gas,mu_dSCF_eV,bromobenzene,7,-8.0542,-37.6193,-0.8642,0.7469,0.0121,14.5131,2.0733,1.4399,2.061,0.4814,,BrBz_1;BrBz_14;BrBz_13;BrBz_124;BrBz_135;BrBz_1245;BrBz_123456,1.464
b3lyp_gas,omega_dSCF_eV,bromobenzene,7,9.5917,-12.795,0.859,0.7379,0.0133,15.0306,2.1472,1.4653,2.9264,-0.0455,,BrBz_1;BrBz_14;BrBz_13;BrBz_124;BrBz_135;BrBz_1245;BrBz_123456,1.774
b3lyp_gas,eta_Koopmans_eV,bromobenzene,7,-5.2263,27.178,-0.8486,0.7202,0.0158,16.0459,2.2923,1.514,2.5481,0.2074,,BrBz_1;BrBz_14;BrBz_13;BrBz_124;BrBz_135;BrBz_1245;BrBz_123456,2.256
b3lyp_gas,gap_eV,bromobenzene,7,-5.2263,27.178,-0.8486,0.7202,0.0158,16.0459,2.2923,1.514,2.5481,0.2074,,BrBz_1;BrBz_14;BrBz_13;BrBz_124;BrBz_135;BrBz_1245;BrBz_123456,2.256
b3lyp_gas,eff_dG_1e_kcal,bromobenzene,7,-0.6147,-12.1411,-0.8289,0.6871,0.0212,17.9396,2.5628,1.6009,4.5922,-1.5745,,BrBz_1;BrBz_14;BrBz_13;BrBz_124;BrBz_135;BrBz_1245;BrBz_123456,4.605
b3lyp_gas,min_dG_1e_kcal,bromobenzene,7,-0.6483,-12.3894,-0.8132,0.6614,0.0261,19.4174,2.7739,1.6655,4.6973,-1.6937,,BrBz_1;BrBz_14;BrBz_13;BrBz_124;BrBz_135;BrBz_1245;BrBz_123456,4.949
b3lyp_gas,min_BDE_kcal,bromobenzene,7,-0.7137,49.4084,-0.7911,0.6258,0.0341,21.4546,3.0649,1.7507,4.4319,-1.3979,,BrBz_1;BrBz_14;BrBz_13;BrBz_124;BrBz_135;BrBz_1245;BrBz_123456,9.623
b3lyp_gas,HOMO_eV,bromobenzene,7,-14.3768,-103.4952,-0.7904,0.6248,0.0344,21.5151,3.0736,1.7532,2.5872,0.1828,,BrBz_1;BrBz_14;BrBz_13;BrBz_124;BrBz_135;BrBz_1245;BrBz_123456,2.916
b3lyp_gas,dipole_D,bromobenzene,7,-2.231,-0.1161,-0.6357,0.4041,0.1249,34.1682,4.8812,2.2093,3.0415,-0.1293,,BrBz_1;BrBz_14;BrBz_13;BrBz_124;BrBz_135;BrBz_1245;BrBz_123456,3.474
b3lyp_gas,max_dr_CX_RA_A,bromobenzene,7,-4.3974,0.4763,-0.583,0.3399,0.1695,37.8505,5.4072,2.3253,3.2955,-0.3259,,BrBz_1;BrBz_14;BrBz_13;BrBz_124;BrBz_135;BrBz_1245;BrBz_123456,3.323
b3lyp_gas,max_spin_vA_X,bromobenzene,7,-6.8112,-0.3593,-0.209,0.0437,0.6528,54.833,7.8333,2.7988,4.6122,-1.5969,,BrBz_1;BrBz_14;BrBz_13;BrBz_124;BrBz_135;BrBz_1245;BrBz_123456,3.378
b3lyp_gas,max_fplus_CX,bromobenzene,7,-6.9119,0.025,-0.1871,0.035,0.6879,55.331,7.9044,2.8115,4.6007,-1.584,,BrBz_1;BrBz_14;BrBz_13;BrBz_124;BrBz_135;BrBz_1245;BrBz_123456,3.163
b3lyp_gas,VIE_eV,bromobenzene,7,-2.4629,20.1352,-0.1055,0.0111,0.8219,56.7007,8.1001,2.8461,4.3484,-1.3084,,BrBz_1;BrBz_14;BrBz_13;BrBz_124;BrBz_135;BrBz_1245;BrBz_123456,2.977
b3lyp_gas,min_wiberg_CX_parent,chlorobenzene,5,247.2658,-267.6341,0.9832,0.9667,0.0026,1.311,0.2622,0.512,0.895,0.8983,,ClBz_123456;ClBz_12345;ClBz_1245;ClBz_12;ClBz_14,
b3lyp_gas,dG_ET_kcal,chlorobenzene,3,-0.2052,-6.3244,-0.9733,0.9473,0.1475,1.9753,0.6584,0.8114,7.124,-3.0624,,ClBz_123456;ClBz_12345;ClBz_14,
b3lyp_gas,min_dG_frag_kcal,chlorobenzene,3,0.247,-4.906,0.9716,0.944,0.1521,2.0987,0.6996,0.8364,7.7098,-3.7579,,ClBz_123456;ClBz_12345;ClBz_14,
b3lyp_gas,min_dG_frag_any_kcal,chlorobenzene,5,0.2437,-4.6977,0.9694,0.9396,0.0064,2.3766,0.4753,0.6894,1.069,0.8549,,ClBz_123456;ClBz_12345;ClBz_1245;ClBz_12;ClBz_14,
b3lyp_gas,eff_dG_frag_kcal,chlorobenzene,3,0.2485,-4.7768,0.9662,0.9335,0.1661,2.494,0.8313,0.9118,9.934,-6.899,,ClBz_123456;ClBz_12345;ClBz_14,
b3lyp_gas,dG_ET_any_kcal,chlorobenzene,5,-0.2021,-5.9715,-0.9661,0.9333,0.0075,2.6264,0.5253,0.7248,1.1492,0.8323,,ClBz_123456;ClBz_12345;ClBz_1245;ClBz_12;ClBz_14,
b3lyp_gas,eff_dG_frag_any_kcal,chlorobenzene,5,0.2458,-4.572,0.9643,0.9299,0.008,2.7599,0.552,0.743,1.1594,0.8293,,ClBz_123456;ClBz_12345;ClBz_1245;ClBz_12;ClBz_14,
b3lyp_gas,AEA_elec_eV,chlorobenzene,3,4.6824,-5.3351,0.9593,0.9202,0.1823,2.9905,0.9968,0.9984,13.8743,-14.4081,,ClBz_123456;ClBz_12345;ClBz_14,
b3lyp_gas,eff_dG_2e_HDH_kcal,chlorobenzene,5,-0.8369,-359.0626,-0.9415,0.8865,0.0168,4.4711,0.8942,0.9456,1.5939,0.6774,,ClBz_123456;ClBz_12345;ClBz_1245;ClBz_12;ClBz_14,
b3lyp_gas,min_dG_2e_HDH_kcal,chlorobenzene,5,-0.8928,-382.3092,-0.9357,0.8755,0.0194,4.9013,0.9803,0.9901,1.6578,0.651,,ClBz_123456;ClBz_12345;ClBz_1245;ClBz_12;ClBz_14,
b3lyp_gas,HOMO_eV,chlorobenzene,5,-14.9853,-110.62,-0.9301,0.8651,0.0219,5.3107,1.0621,1.0306,1.7281,0.6208,,ClBz_123456;ClBz_12345;ClBz_1245;ClBz_12;ClBz_14,
b3lyp_gas,eff_dG_1e_kcal,chlorobenzene,5,-1.0344,-11.5326,-0.9285,0.8621,0.0227,5.4319,1.0864,1.0423,1.7008,0.6327,,ClBz_123456;ClBz_12345;ClBz_1245;ClBz_12;ClBz_14,
b3lyp_gas,LUMO_RA_eV,chlorobenzene,5,-3.8971,3.9975,-0.9243,0.8544,0.0247,5.733,1.1466,1.0708,1.8061,0.5858,,ClBz_123456;ClBz_12345;ClBz_1245;ClBz_12;ClBz_14,
b3lyp_gas,eff_dG_RA_2e_kcal,chlorobenzene,3,-0.8546,-43.0137,-0.9194,0.8454,0.2573,5.7955,1.9318,1.3899,59.6387,-283.6979,,ClBz_123456;ClBz_12345;ClBz_14,
b3lyp_gas,eff_dG_2e_carbanion_kcal,chlorobenzene,5,-0.1455,-11.3764,-0.9069,0.8224,0.0336,6.9918,1.3984,1.1825,2.0872,0.4468,,ClBz_123456;ClBz_12345;ClBz_1245;ClBz_12;ClBz_14,
b3lyp_gas,max_qCM5_X,chlorobenzene,5,140.4235,1.9012,0.9044,0.818,0.0349,7.1662,1.4332,1.1972,2.164,0.4054,,ClBz_123456;ClBz_12345;ClBz_1245;ClBz_12;ClBz_14,
b3lyp_gas,eff_dG_rad_red_kcal,chlorobenzene,5,-0.167,-11.3257,-0.9038,0.8168,0.0353,7.2143,1.4429,1.2012,2.1392,0.4189,,ClBz_123456;ClBz_12345;ClBz_1245;ClBz_12;ClBz_14,
b3lyp_gas,min_dG_2e_carbanion_kcal,chlorobenzene,5,-0.1453,-11.2828,-0.9007,0.8112,0.037,7.4326,1.4865,1.2192,2.164,0.4054,,ClBz_123456;ClBz_12345;ClBz_1245;ClBz_12;ClBz_14,
b3lyp_gas,min_dG_1e_kcal,chlorobenzene,5,-1.0641,-11.1653,-0.8999,0.8099,0.0374,7.4858,1.4972,1.2236,2.0295,0.477,,ClBz_123456;ClBz_12345;ClBz_1245;ClBz_12;ClBz_14,
b3lyp_gas,min_dG_rad_red_kcal,chlorobenzene,5,-0.1669,-11.2292,-0.8972,0.8049,0.039,7.6806,1.5361,1.2394,2.2186,0.375,,ClBz_123456;ClBz_12345;ClBz_1245;ClBz_12;ClBz_14,
b3lyp_gas,mu_dSCF_eV,chlorobenzene,5,-10.8543,-50.1494,-0.8855,0.7842,0.0457,8.4985,1.6997,1.3037,2.354,0.2964,,ClBz_123456;ClBz_12345;ClBz_1245;ClBz_12;ClBz_14,
b3lyp_gas,mu_Koopmans_eV,chlorobenzene,5,-9.6248,-44.5219,-0.8835,0.7807,0.0469,8.6374,1.7275,1.3143,2.3698,0.2869,,ClBz_123456;ClBz_12345;ClBz_1245;ClBz_12;ClBz_14,
b3lyp_gas,min_dG_RA_2e_kcal,chlorobenzene,3,-0.814,-40.6761,-0.8695,0.756,0.3289,9.1435,3.0478,1.7458,15.6231,-18.5372,,ClBz_123456;ClBz_12345;ClBz_14,
b3lyp_gas,n_X,chlorobenzene,5,1.5249,-8.0827,0.8694,0.7558,0.0555,9.6145,1.9229,1.3867,2.4497,0.238,,ClBz_123456;ClBz_12345;ClBz_1245;ClBz_12;ClBz_14,
b3lyp_gas,radius_A,chlorobenzene,5,14.1719,-47.3747,0.8688,0.7548,0.0559,9.6557,1.9311,1.3897,2.497,0.2083,,ClBz_123456;ClBz_12345;ClBz_1245;ClBz_12;ClBz_14,
b3lyp_gas,omega_dSCF_eV,chlorobenzene,5,16.4707,-19.734,0.8635,0.7456,0.0593,10.0184,2.0037,1.4155,2.6123,0.1335,,ClBz_123456;ClBz_12345;ClBz_1245;ClBz_12;ClBz_14,
b3lyp_gas,polar_iso_A3,chlorobenzene,5,0.7524,-15.2613,0.862,0.7431,0.0602,10.1161,2.0232,1.4224,2.5386,0.1817,,ClBz_123456;ClBz_12345;ClBz_1245;ClBz_12;ClBz_14,
b3lyp_gas,omega_Koopmans_eV,chlorobenzene,5,9.626,-18.7313,0.8595,0.7387,0.0619,10.2893,2.0579,1.4345,2.6605,0.1012,,ClBz_123456;ClBz_12345;ClBz_1245;ClBz_12;ClBz_14,
b3lyp_gas,VIE_eV,chlorobenzene,5,30.1584,-274.7752,0.8453,0.7145,0.0713,11.2414,2.2483,1.4994,2.4624,0.2301,,ClBz_123456;ClBz_12345;ClBz_1245;ClBz_12;ClBz_14,
b3lyp_gas,LUMO_eV,chlorobenzene,5,-6.8055,-12.8149,-0.8429,0.7105,0.073,11.401,2.2802,1.51,2.873,-0.0481,,ClBz_123456;ClBz_12345;ClBz_1245;ClBz_12;ClBz_14,
b3lyp_gas,VEA_eV,chlorobenzene,5,5.844,-1.0248,0.8408,0.7069,0.0744,11.5414,2.3083,1.5193,2.873,-0.0481,,ClBz_123456;ClBz_12345;ClBz_1245;ClBz_12;ClBz_14,
b3lyp_gas,min_BDE_kcal,chlorobenzene,5,-1.0847,90.6682,-0.8397,0.7051,0.0751,11.6105,2.3221,1.5238,2.7081,0.0688,,ClBz_123456;ClBz_12345;ClBz_1245;ClBz_12;ClBz_14,
b3lyp_gas,eta_dSCF_eV,chlorobenzene,5,-5.9733,52.973,-0.7617,0.5802,0.1345,16.5304,3.3061,1.8183,3.6133,-0.6578,,ClBz_123456;ClBz_12345;ClBz_1245;ClBz_12;ClBz_14,
b3lyp_gas,max_spin_vA_X,chlorobenzene,5,92.1562,-5.308,0.7184,0.5161,0.1716,19.0536,3.8107,1.9521,3.3383,-0.4151,,ClBz_123456;ClBz_12345;ClBz_1245;ClBz_12;ClBz_14,
b3lyp_gas,max_fplus_CX,chlorobenzene,5,53.0587,-12.016,0.6874,0.4725,0.1997,20.7708,4.1542,2.0382,3.4928,-0.5491,,ClBz_123456;ClBz_12345;ClBz_1245;ClBz_12;ClBz_14,
b3lyp_gas,eta_Koopmans_eV,chlorobenzene,5,-9.9467,54.2308,-0.682,0.4651,0.2047,21.0618,4.2124,2.0524,4.7544,-1.8702,,ClBz_123456;ClBz_12345;ClBz_1245;ClBz_12;ClBz_14,
b3lyp_gas,gap_eV,chlorobenzene,5,-9.9467,54.2308,-0.682,0.4651,0.2047,21.0618,4.2124,2.0524,4.7544,-1.8702,,ClBz_123456;ClBz_12345;ClBz_1245;ClBz_12;ClBz_14,
b3lyp_gas,lambda_i_kcal,chlorobenzene,3,0.0925,-6.2782,0.5645,0.3187,0.6181,25.5341,8.5114,2.9174,10.9725,-8.6369,,ClBz_123456;ClBz_12345;ClBz_14,
b3lyp_gas,eff_dG_RA_2e_any_kcal,chlorobenzene,5,-0.2843,-14.8616,-0.542,0.2938,0.3453,27.8079,5.5616,2.3583,3.6408,-0.6831,,ClBz_123456;ClBz_12345;ClBz_1245;ClBz_12;ClBz_14,
b3lyp_gas,min_dG_RA_2e_any_kcal,chlorobenzene,5,-0.2664,-13.9242,-0.5071,0.2571,0.3832,29.2518,5.8504,2.4188,3.6266,-0.67,,ClBz_123456;ClBz_12345;ClBz_1245;ClBz_12;ClBz_14,
b3lyp_gas,max_spin_RA_X,chlorobenzene,3,5.1446,-3.1974,0.2098,0.044,0.8654,35.8292,11.9431,3.4559,67.1874,-360.3295,,ClBz_123456;ClBz_12345;ClBz_14,
b3lyp_gas,dipole_D,chlorobenzene,5,-0.3193,-2.0618,-0.1183,0.014,0.8497,38.8263,7.7653,2.7866,4.1261,-1.1617,,ClBz_123456;ClBz_12345;ClBz_1245;ClBz_12;ClBz_14,
b3lyp_gas,max_dr_CX_RA_A,chlorobenzene,5,-0.7057,-2.0526,-0.0846,0.0072,0.8924,39.0957,7.8191,2.7963,4.1331,-1.169,,ClBz_123456;ClBz_12345;ClBz_1245;ClBz_12;ClBz_14,
b3lyp_gas,dG_ET_kcal,halobenzene,4,-0.1908,-6.1934,-0.9773,0.9552,0.0227,2.4084,0.6021,0.776,1.1547,0.9008,,BrBz_123456;ClBz_123456;ClBz_12345;ClBz_14,
b3lyp_gas,AEA_elec_eV,halobenzene,4,4.4369,-5.2908,0.9694,0.9398,0.0306,3.2353,0.8088,0.8993,1.2757,0.8789,,BrBz_123456;ClBz_123456;ClBz_12345;ClBz_14,
b3lyp_gas,min_dG_frag_kcal,halobenzene,4,0.2696,-4.7688,0.9617,0.9248,0.0383,4.0404,1.0101,1.005,7.8937,-3.6359,,BrBz_123456;ClBz_123456;ClBz_12345;ClBz_14,
b3lyp_gas,eff_dG_frag_kcal,halobenzene,4,0.2721,-4.6119,0.9554,0.9128,0.0446,4.6877,1.1719,1.0826,10.1217,-6.6221,,BrBz_123456;ClBz_123456;ClBz_12345;ClBz_14,
b3lyp_gas,LUMO_RA_eV,halobenzene,12,-4.1883,4.1292,-0.937,0.8779,0.0,11.9548,0.9962,0.9981,1.1982,0.8241,,BrBz_1;BrBz_14;BrBz_13;BrBz_124;BrBz_135;BrBz_1245;BrBz_123456;ClBz_123456;ClBz_12345;ClBz_1245;ClBz_12;ClBz_14,
b3lyp_gas,eff_dG_RA_2e_kcal,halobenzene,4,-0.9263,-46.1576,-0.9338,0.8721,0.0662,6.8781,1.7195,1.3113,3.005,0.3282,,BrBz_123456;ClBz_123456;ClBz_12345;ClBz_14,
b3lyp_gas,eff_dG_2e_carbanion_kcal,halobenzene,12,-0.1461,-11.1124,-0.933,0.8705,0.0,12.6763,1.0564,1.0278,1.2505,0.8084,,BrBz_1;BrBz_14;BrBz_13;BrBz_124;BrBz_135;BrBz_1245;BrBz_123456;ClBz_123456;ClBz_12345;ClBz_1245;ClBz_12;ClBz_14,
b3lyp_gas,min_dG_2e_carbanion_kcal,halobenzene,12,-0.1473,-11.1138,-0.9304,0.8657,0.0,13.1494,1.0958,1.0468,1.2704,0.8022,,BrBz_1;BrBz_14;BrBz_13;BrBz_124;BrBz_135;BrBz_1245;BrBz_123456;ClBz_123456;ClBz_12345;ClBz_1245;ClBz_12;ClBz_14,
b3lyp_gas,min_dG_frag_any_kcal,halobenzene,12,0.2988,-4.8318,0.9256,0.8568,0.0,14.0253,1.1688,1.0811,1.2672,0.8032,,BrBz_1;BrBz_14;BrBz_13;BrBz_124;BrBz_135;BrBz_1245;BrBz_123456;ClBz_123456;ClBz_12345;ClBz_1245;ClBz_12;ClBz_14,
b3lyp_gas,eff_dG_frag_any_kcal,halobenzene,12,0.3045,-4.7231,0.9206,0.8474,0.0,14.9371,1.2448,1.1157,1.3205,0.7863,,BrBz_1;BrBz_14;BrBz_13;BrBz_124;BrBz_135;BrBz_1245;BrBz_123456;ClBz_123456;ClBz_12345;ClBz_1245;ClBz_12;ClBz_14,
b3lyp_gas,dG_ET_any_kcal,halobenzene,12,-0.2131,-6.7954,-0.9149,0.8371,0.0,15.9492,1.3291,1.1529,1.3816,0.766,,BrBz_1;BrBz_14;BrBz_13;BrBz_124;BrBz_135;BrBz_1245;BrBz_123456;ClBz_123456;ClBz_12345;ClBz_1245;ClBz_12;ClBz_14,
b3lyp_gas,radius_A,halobenzene,12,13.6225,-45.3377,0.9144,0.8361,0.0,16.0519,1.3377,1.1566,1.4123,0.7555,,BrBz_1;BrBz_14;BrBz_13;BrBz_124;BrBz_135;BrBz_1245;BrBz_123456;ClBz_123456;ClBz_12345;ClBz_1245;ClBz_12;ClBz_14,
b3lyp_gas,polar_iso_A3,halobenzene,12,0.6068,-13.0582,0.897,0.8046,0.0001,19.1346,1.5946,1.2628,1.7531,0.6233,,BrBz_1;BrBz_14;BrBz_13;BrBz_124;BrBz_135;BrBz_1245;BrBz_123456;ClBz_123456;ClBz_12345;ClBz_1245;ClBz_12;ClBz_14,
b3lyp_gas,mu_Koopmans_eV,halobenzene,12,-8.1416,-37.3472,-0.8898,0.7917,0.0001,20.3925,1.6994,1.3036,1.5436,0.708,,BrBz_1;BrBz_14;BrBz_13;BrBz_124;BrBz_135;BrBz_1245;BrBz_123456;ClBz_123456;ClBz_12345;ClBz_1245;ClBz_12;ClBz_14,
b3lyp_gas,eff_dG_rad_red_kcal,halobenzene,12,-0.1612,-9.95,-0.8888,0.7901,0.0001,20.5562,1.713,1.3088,1.5552,0.7036,,BrBz_1;BrBz_14;BrBz_13;BrBz_124;BrBz_135;BrBz_1245;BrBz_123456;ClBz_123456;ClBz_12345;ClBz_1245;ClBz_12;ClBz_14,
b3lyp_gas,min_dG_RA_2e_kcal,halobenzene,4,-0.9096,-44.7666,-0.8859,0.7849,0.1141,11.5662,2.8915,1.7005,7.9555,-3.7088,,BrBz_123456;ClBz_123456;ClBz_12345;ClBz_14,
b3lyp_gas,min_dG_rad_red_kcal,halobenzene,12,-0.1628,-9.9436,-0.8856,0.7843,0.0001,21.1199,1.76,1.3266,1.5857,0.6918,,BrBz_1;BrBz_14;BrBz_13;BrBz_124;BrBz_135;BrBz_1245;BrBz_123456;ClBz_123456;ClBz_12345;ClBz_1245;ClBz_12;ClBz_14,
b3lyp_gas,LUMO_eV,halobenzene,12,-5.1198,-9.8991,-0.8721,0.7605,0.0002,23.4481,1.954,1.3979,1.8804,0.5666,,BrBz_1;BrBz_14;BrBz_13;BrBz_124;BrBz_135;BrBz_1245;BrBz_123456;ClBz_123456;ClBz_12345;ClBz_1245;ClBz_12;ClBz_14,
b3lyp_gas,mu_dSCF_eV,halobenzene,12,-8.8745,-41.3397,-0.8657,0.7494,0.0003,24.5376,2.0448,1.43,1.7867,0.6088,,BrBz_1;BrBz_14;BrBz_13;BrBz_124;BrBz_135;BrBz_1245;BrBz_123456;ClBz_123456;ClBz_12345;ClBz_1245;ClBz_12;ClBz_14,
b3lyp_gas,VEA_eV,halobenzene,12,4.4286,-1.7428,0.8563,0.7332,0.0004,26.1196,2.1766,1.4753,2.0369,0.4915,,BrBz_1;BrBz_14;BrBz_13;BrBz_124;BrBz_135;BrBz_1245;BrBz_123456;ClBz_123456;ClBz_12345;ClBz_1245;ClBz_12;ClBz_14,
b3lyp_gas,max_qCM5_X,halobenzene,12,110.8149,-0.1644,0.8527,0.7272,0.0004,26.7144,2.2262,1.492,1.7193,0.6377,,BrBz_1;BrBz_14;BrBz_13;BrBz_124;BrBz_135;BrBz_1245;BrBz_123456;ClBz_123456;ClBz_12345;ClBz_1245;ClBz_12;ClBz_14,
b3lyp_gas,n_X,halobenzene,12,1.5037,-6.9273,0.8416,0.7082,0.0006,28.5668,2.3806,1.5429,1.7804,0.6115,,BrBz_1;BrBz_14;BrBz_13;BrBz_124;BrBz_135;BrBz_1245;BrBz_123456;ClBz_123456;ClBz_12345;ClBz_1245;ClBz_12;ClBz_14,
b3lyp_gas,omega_Koopmans_eV,halobenzene,12,6.1966,-12.6324,0.8391,0.7041,0.0006,28.974,2.4145,1.5539,2.3969,0.2959,,BrBz_1;BrBz_14;BrBz_13;BrBz_124;BrBz_135;BrBz_1245;BrBz_123456;ClBz_123456;ClBz_12345;ClBz_1245;ClBz_12;ClBz_14,
b3lyp_gas,omega_dSCF_eV,halobenzene,12,10.6606,-13.8466,0.8338,0.6953,0.0007,29.8373,2.4864,1.5768,2.4496,0.2646,,BrBz_1;BrBz_14;BrBz_13;BrBz_124;BrBz_135;BrBz_1245;BrBz_123456;ClBz_123456;ClBz_12345;ClBz_1245;ClBz_12;ClBz_14,
b3lyp_gas,eta_dSCF_eV,halobenzene,12,-3.8935,32.9815,-0.7949,0.6318,0.002,36.0464,3.0039,1.7332,2.2264,0.3925,,BrBz_1;BrBz_14;BrBz_13;BrBz_124;BrBz_135;BrBz_1245;BrBz_123456;ClBz_123456;ClBz_12345;ClBz_1245;ClBz_12;ClBz_14,
b3lyp_gas,eta_Koopmans_eV,halobenzene,12,-5.6548,29.6671,-0.762,0.5806,0.004,41.0615,3.4218,1.8498,2.5253,0.2184,,BrBz_1;BrBz_14;BrBz_13;BrBz_124;BrBz_135;BrBz_1245;BrBz_123456;ClBz_123456;ClBz_12345;ClBz_1245;ClBz_12;ClBz_14,
b3lyp_gas,gap_eV,halobenzene,12,-5.6548,29.6671,-0.762,0.5806,0.004,41.0615,3.4218,1.8498,2.5253,0.2184,,BrBz_1;BrBz_14;BrBz_13;BrBz_124;BrBz_135;BrBz_1245;BrBz_123456;ClBz_123456;ClBz_12345;ClBz_1245;ClBz_12;ClBz_14,
b3lyp_gas,eff_dG_2e_HDH_kcal,halobenzene,12,-0.4288,-186.3353,-0.7487,0.5605,0.0051,43.0327,3.5861,1.8937,2.1896,0.4124,,BrBz_1;BrBz_14;BrBz_13;BrBz_124;BrBz_135;BrBz_1245;BrBz_123456;ClBz_123456;ClBz_12345;ClBz_1245;ClBz_12;ClBz_14,
b3lyp_gas,HOMO_eV,halobenzene,12,-11.6312,-85.0149,-0.7307,0.5339,0.007,45.6384,3.8032,1.9502,2.2593,0.3744,,BrBz_1;BrBz_14;BrBz_13;BrBz_124;BrBz_135;BrBz_1245;BrBz_123456;ClBz_123456;ClBz_12345;ClBz_1245;ClBz_12;ClBz_14,
b3lyp_gas,min_dG_2e_HDH_kcal,halobenzene,12,-0.4243,-184.1803,-0.7196,0.5178,0.0083,47.2171,3.9348,1.9836,2.2687,0.3692,,BrBz_1;BrBz_14;BrBz_13;BrBz_124;BrBz_135;BrBz_1245;BrBz_123456;ClBz_123456;ClBz_12345;ClBz_1245;ClBz_12;ClBz_14,
b3lyp_gas,eff_dG_RA_2e_any_kcal,halobenzene,12,-0.2362,-11.3816,-0.6929,0.4801,0.0125,50.9023,4.2419,2.0596,2.3391,0.3294,,BrBz_1;BrBz_14;BrBz_13;BrBz_124;BrBz_135;BrBz_1245;BrBz_123456;ClBz_123456;ClBz_12345;ClBz_1245;ClBz_12;ClBz_14,
b3lyp_gas,min_dG_RA_2e_any_kcal,halobenzene,12,-0.236,-11.2505,-0.6784,0.4603,0.0153,52.8477,4.404,2.0986,2.3983,0.295,,BrBz_1;BrBz_14;BrBz_13;BrBz_124;BrBz_135;BrBz_1245;BrBz_123456;ClBz_123456;ClBz_12345;ClBz_1245;ClBz_12;ClBz_14,
b3lyp_gas,eff_dG_1e_kcal,halobenzene,12,-0.3408,-6.5775,-0.6247,0.3902,0.0299,59.7073,4.9756,2.2306,2.545,0.2062,,BrBz_1;BrBz_14;BrBz_13;BrBz_124;BrBz_135;BrBz_1245;BrBz_123456;ClBz_123456;ClBz_12345;ClBz_1245;ClBz_12;ClBz_14,
b3lyp_gas,min_dG_1e_kcal,halobenzene,12,-0.3288,-6.2353,-0.5905,0.3486,0.0432,63.7751,5.3146,2.3053,2.6468,0.1414,,BrBz_1;BrBz_14;BrBz_13;BrBz_124;BrBz_135;BrBz_1245;BrBz_123456;ClBz_123456;ClBz_12345;ClBz_1245;ClBz_12;ClBz_14,
b3lyp_gas,min_wiberg_CX_parent,halobenzene,12,83.4803,-90.2196,0.4738,0.2244,0.1197,75.9364,6.328,2.5156,2.8657,-0.0065,,BrBz_1;BrBz_14;BrBz_13;BrBz_124;BrBz_135;BrBz_1245;BrBz_123456;ClBz_123456;ClBz_12345;ClBz_1245;ClBz_12;ClBz_14,
b3lyp_gas,min_BDE_kcal,halobenzene,12,-0.1507,9.7546,-0.3968,0.1575,0.2015,82.4924,6.8744,2.6219,3.14,-0.2084,,BrBz_1;BrBz_14;BrBz_13;BrBz_124;BrBz_135;BrBz_1245;BrBz_123456;ClBz_123456;ClBz_12345;ClBz_1245;ClBz_12;ClBz_14,
b3lyp_gas,dipole_D,halobenzene,12,-1.2077,-1.0742,-0.3872,0.1499,0.2137,83.2331,6.9361,2.6336,3.1073,-0.1834,,BrBz_1;BrBz_14;BrBz_13;BrBz_124;BrBz_135;BrBz_1245;BrBz_123456;ClBz_123456;ClBz_12345;ClBz_1245;ClBz_12;ClBz_14,
b3lyp_gas,max_dr_CX_RA_A,halobenzene,12,-2.7786,-0.7451,-0.3594,0.1292,0.2512,85.2621,7.1052,2.6656,3.1864,-0.2444,,BrBz_1;BrBz_14;BrBz_13;BrBz_124;BrBz_135;BrBz_1245;BrBz_123456;ClBz_123456;ClBz_12345;ClBz_1245;ClBz_12;ClBz_14,
b3lyp_gas,lambda_i_kcal,halobenzene,4,0.0384,-2.6408,0.2134,0.0455,0.7866,51.316,12.829,3.5818,9.0215,-5.0551,,BrBz_123456;ClBz_123456;ClBz_12345;ClBz_14,
b3lyp_gas,max_fplus_CX,halobenzene,12,2.8939,-2.5444,0.0708,0.005,0.8268,97.4203,8.1184,2.8493,4.0498,-1.0101,,BrBz_1;BrBz_14;BrBz_13;BrBz_124;BrBz_135;BrBz_1245;BrBz_123456;ClBz_123456;ClBz_12345;ClBz_1245;ClBz_12;ClBz_14,
b3lyp_gas,VIE_eV,halobenzene,12,1.3112,-13.6158,0.0652,0.0043,0.8404,97.4952,8.1246,2.8504,3.3992,-0.4161,,BrBz_1;BrBz_14;BrBz_13;BrBz_124;BrBz_135;BrBz_1245;BrBz_123456;ClBz_123456;ClBz_12345;ClBz_1245;ClBz_12;ClBz_14,
b3lyp_gas,max_spin_RA_X,halobenzene,4,1.8153,-1.4623,0.0631,0.004,0.9369,53.55,13.3875,3.6589,24.1188,-42.2794,,BrBz_123456;ClBz_123456;ClBz_12345;ClBz_14,
b3lyp_gas,max_spin_vA_X,halobenzene,12,1.133,-2.0553,0.0409,0.0017,0.8995,97.7477,8.1456,2.8541,3.6698,-0.6506,,BrBz_1;BrBz_14;BrBz_13;BrBz_124;BrBz_135;BrBz_1245;BrBz_123456;ClBz_123456;ClBz_12345;ClBz_1245;ClBz_12;ClBz_14,
b3lyp_gas,dG_ET_kcal,all,4,-0.1908,-6.1934,-0.9773,0.9552,0.0227,2.4084,0.6021,0.776,1.1547,0.9008,,BrBz_123456;ClBz_123456;ClBz_12345;ClBz_14,
b3lyp_gas,AEA_elec_eV,all,4,4.4369,-5.2908,0.9694,0.9398,0.0306,3.2353,0.8088,0.8993,1.2757,0.8789,,BrBz_123456;ClBz_123456;ClBz_12345;ClBz_14,
b3lyp_gas,min_dG_frag_kcal,all,4,0.2696,-4.7688,0.9617,0.9248,0.0383,4.0404,1.0101,1.005,7.8937,-3.6359,,BrBz_123456;ClBz_123456;ClBz_12345;ClBz_14,
b3lyp_gas,eff_dG_frag_kcal,all,4,0.2721,-4.6119,0.9554,0.9128,0.0446,4.6877,1.1719,1.0826,10.1217,-6.6221,,BrBz_123456;ClBz_123456;ClBz_12345;ClBz_14,
b3lyp_gas,LUMO_RA_eV,all,12,-4.1883,4.1292,-0.937,0.8779,0.0,11.9548,0.9962,0.9981,1.1982,0.8241,,BrBz_1;BrBz_14;BrBz_13;BrBz_124;BrBz_135;BrBz_1245;BrBz_123456;ClBz_123456;ClBz_12345;ClBz_1245;ClBz_12;ClBz_14,
b3lyp_gas,eff_dG_RA_2e_kcal,all,4,-0.9263,-46.1576,-0.9338,0.8721,0.0662,6.8781,1.7195,1.3113,3.005,0.3282,,BrBz_123456;ClBz_123456;ClBz_12345;ClBz_14,
b3lyp_gas,eff_dG_2e_carbanion_kcal,all,12,-0.1461,-11.1124,-0.933,0.8705,0.0,12.6763,1.0564,1.0278,1.2505,0.8084,,BrBz_1;BrBz_14;BrBz_13;BrBz_124;BrBz_135;BrBz_1245;BrBz_123456;ClBz_123456;ClBz_12345;ClBz_1245;ClBz_12;ClBz_14,
b3lyp_gas,min_dG_2e_carbanion_kcal,all,12,-0.1473,-11.1138,-0.9304,0.8657,0.0,13.1494,1.0958,1.0468,1.2704,0.8022,,BrBz_1;BrBz_14;BrBz_13;BrBz_124;BrBz_135;BrBz_1245;BrBz_123456;ClBz_123456;ClBz_12345;ClBz_1245;ClBz_12;ClBz_14,
b3lyp_gas,min_dG_frag_any_kcal,all,12,0.2988,-4.8318,0.9256,0.8568,0.0,14.0253,1.1688,1.0811,1.2672,0.8032,,BrBz_1;BrBz_14;BrBz_13;BrBz_124;BrBz_135;BrBz_1245;BrBz_123456;ClBz_123456;ClBz_12345;ClBz_1245;ClBz_12;ClBz_14,
b3lyp_gas,eff_dG_frag_any_kcal,all,12,0.3045,-4.7231,0.9206,0.8474,0.0,14.9371,1.2448,1.1157,1.3205,0.7863,,BrBz_1;BrBz_14;BrBz_13;BrBz_124;BrBz_135;BrBz_1245;BrBz_123456;ClBz_123456;ClBz_12345;ClBz_1245;ClBz_12;ClBz_14,
b3lyp_gas,dG_ET_any_kcal,all,12,-0.2131,-6.7954,-0.9149,0.8371,0.0,15.9492,1.3291,1.1529,1.3816,0.766,,BrBz_1;BrBz_14;BrBz_13;BrBz_124;BrBz_135;BrBz_1245;BrBz_123456;ClBz_123456;ClBz_12345;ClBz_1245;ClBz_12;ClBz_14,
b3lyp_gas,radius_A,all,12,13.6225,-45.3377,0.9144,0.8361,0.0,16.0519,1.3377,1.1566,1.4123,0.7555,,BrBz_1;BrBz_14;BrBz_13;BrBz_124;BrBz_135;BrBz_1245;BrBz_123456;ClBz_123456;ClBz_12345;ClBz_1245;ClBz_12;ClBz_14,
b3lyp_gas,polar_iso_A3,all,12,0.6068,-13.0582,0.897,0.8046,0.0001,19.1346,1.5946,1.2628,1.7531,0.6233,,BrBz_1;BrBz_14;BrBz_13;BrBz_124;BrBz_135;BrBz_1245;BrBz_123456;ClBz_123456;ClBz_12345;ClBz_1245;ClBz_12;ClBz_14,
b3lyp_gas,mu_Koopmans_eV,all,12,-8.1416,-37.3472,-0.8898,0.7917,0.0001,20.3925,1.6994,1.3036,1.5436,0.708,,BrBz_1;BrBz_14;BrBz_13;BrBz_124;BrBz_135;BrBz_1245;BrBz_123456;ClBz_123456;ClBz_12345;ClBz_1245;ClBz_12;ClBz_14,
b3lyp_gas,eff_dG_rad_red_kcal,all,12,-0.1612,-9.95,-0.8888,0.7901,0.0001,20.5562,1.713,1.3088,1.5552,0.7036,,BrBz_1;BrBz_14;BrBz_13;BrBz_124;BrBz_135;BrBz_1245;BrBz_123456;ClBz_123456;ClBz_12345;ClBz_1245;ClBz_12;ClBz_14,
b3lyp_gas,min_dG_RA_2e_kcal,all,4,-0.9096,-44.7666,-0.8859,0.7849,0.1141,11.5662,2.8915,1.7005,7.9555,-3.7088,,BrBz_123456;ClBz_123456;ClBz_12345;ClBz_14,
b3lyp_gas,min_dG_rad_red_kcal,all,12,-0.1628,-9.9436,-0.8856,0.7843,0.0001,21.1199,1.76,1.3266,1.5857,0.6918,,BrBz_1;BrBz_14;BrBz_13;BrBz_124;BrBz_135;BrBz_1245;BrBz_123456;ClBz_123456;ClBz_12345;ClBz_1245;ClBz_12;ClBz_14,
b3lyp_gas,LUMO_eV,all,12,-5.1198,-9.8991,-0.8721,0.7605,0.0002,23.4481,1.954,1.3979,1.8804,0.5666,,BrBz_1;BrBz_14;BrBz_13;BrBz_124;BrBz_135;BrBz_1245;BrBz_123456;ClBz_123456;ClBz_12345;ClBz_1245;ClBz_12;ClBz_14,
b3lyp_gas,mu_dSCF_eV,all,12,-8.8745,-41.3397,-0.8657,0.7494,0.0003,24.5376,2.0448,1.43,1.7867,0.6088,,BrBz_1;BrBz_14;BrBz_13;BrBz_124;BrBz_135;BrBz_1245;BrBz_123456;ClBz_123456;ClBz_12345;ClBz_1245;ClBz_12;ClBz_14,
b3lyp_gas,VEA_eV,all,12,4.4286,-1.7428,0.8563,0.7332,0.0004,26.1196,2.1766,1.4753,2.0369,0.4915,,BrBz_1;BrBz_14;BrBz_13;BrBz_124;BrBz_135;BrBz_1245;BrBz_123456;ClBz_123456;ClBz_12345;ClBz_1245;ClBz_12;ClBz_14,
b3lyp_gas,max_qCM5_X,all,12,110.8149,-0.1644,0.8527,0.7272,0.0004,26.7144,2.2262,1.492,1.7193,0.6377,,BrBz_1;BrBz_14;BrBz_13;BrBz_124;BrBz_135;BrBz_1245;BrBz_123456;ClBz_123456;ClBz_12345;ClBz_1245;ClBz_12;ClBz_14,
b3lyp_gas,omega_Koopmans_eV,all,12,6.1966,-12.6324,0.8391,0.7041,0.0006,28.974,2.4145,1.5539,2.3969,0.2959,,BrBz_1;BrBz_14;BrBz_13;BrBz_124;BrBz_135;BrBz_1245;BrBz_123456;ClBz_123456;ClBz_12345;ClBz_1245;ClBz_12;ClBz_14,
b3lyp_gas,omega_dSCF_eV,all,12,10.6606,-13.8466,0.8338,0.6953,0.0007,29.8373,2.4864,1.5768,2.4496,0.2646,,BrBz_1;BrBz_14;BrBz_13;BrBz_124;BrBz_135;BrBz_1245;BrBz_123456;ClBz_123456;ClBz_12345;ClBz_1245;ClBz_12;ClBz_14,
b3lyp_gas,n_X,all,14,1.417,-6.8402,0.822,0.6758,0.0003,32.2774,2.3055,1.5184,1.7159,0.5859,,BrBz_1;BrBz_14;BrBz_13;BrBz_124;BrBz_135;BrBz_1245;BrBz_123456;BDE_24_24;BDE_245_24;ClBz_123456;ClBz_12345;ClBz_1245;ClBz_12;ClBz_14,
b3lyp_gas,eta_dSCF_eV,all,12,-3.8935,32.9815,-0.7949,0.6318,0.002,36.0464,3.0039,1.7332,2.2264,0.3925,,BrBz_1;BrBz_14;BrBz_13;BrBz_124;BrBz_135;BrBz_1245;BrBz_123456;ClBz_123456;ClBz_12345;ClBz_1245;ClBz_12;ClBz_14,
b3lyp_gas,eta_Koopmans_eV,all,12,-5.6548,29.6671,-0.762,0.5806,0.004,41.0615,3.4218,1.8498,2.5253,0.2184,,BrBz_1;BrBz_14;BrBz_13;BrBz_124;BrBz_135;BrBz_1245;BrBz_123456;ClBz_123456;ClBz_12345;ClBz_1245;ClBz_12;ClBz_14,
b3lyp_gas,gap_eV,all,12,-5.6548,29.6671,-0.762,0.5806,0.004,41.0615,3.4218,1.8498,2.5253,0.2184,,BrBz_1;BrBz_14;BrBz_13;BrBz_124;BrBz_135;BrBz_1245;BrBz_123456;ClBz_123456;ClBz_12345;ClBz_1245;ClBz_12;ClBz_14,
b3lyp_gas,eff_dG_2e_HDH_kcal,all,12,-0.4288,-186.3353,-0.7487,0.5605,0.0051,43.0327,3.5861,1.8937,2.1896,0.4124,,BrBz_1;BrBz_14;BrBz_13;BrBz_124;BrBz_135;BrBz_1245;BrBz_123456;ClBz_123456;ClBz_12345;ClBz_1245;ClBz_12;ClBz_14,
b3lyp_gas,HOMO_eV,all,12,-11.6312,-85.0149,-0.7307,0.5339,0.007,45.6384,3.8032,1.9502,2.2593,0.3744,,BrBz_1;BrBz_14;BrBz_13;BrBz_124;BrBz_135;BrBz_1245;BrBz_123456;ClBz_123456;ClBz_12345;ClBz_1245;ClBz_12;ClBz_14,
b3lyp_gas,min_dG_2e_HDH_kcal,all,12,-0.4243,-184.1803,-0.7196,0.5178,0.0083,47.2171,3.9348,1.9836,2.2687,0.3692,,BrBz_1;BrBz_14;BrBz_13;BrBz_124;BrBz_135;BrBz_1245;BrBz_123456;ClBz_123456;ClBz_12345;ClBz_1245;ClBz_12;ClBz_14,
b3lyp_gas,eff_dG_RA_2e_any_kcal,all,12,-0.2362,-11.3816,-0.6929,0.4801,0.0125,50.9023,4.2419,2.0596,2.3391,0.3294,,BrBz_1;BrBz_14;BrBz_13;BrBz_124;BrBz_135;BrBz_1245;BrBz_123456;ClBz_123456;ClBz_12345;ClBz_1245;ClBz_12;ClBz_14,
b3lyp_gas,min_dG_RA_2e_any_kcal,all,12,-0.236,-11.2505,-0.6784,0.4603,0.0153,52.8477,4.404,2.0986,2.3983,0.295,,BrBz_1;BrBz_14;BrBz_13;BrBz_124;BrBz_135;BrBz_1245;BrBz_123456;ClBz_123456;ClBz_12345;ClBz_1245;ClBz_12;ClBz_14,
b3lyp_gas,eff_dG_1e_kcal,all,12,-0.3408,-6.5775,-0.6247,0.3902,0.0299,59.7073,4.9756,2.2306,2.545,0.2062,,BrBz_1;BrBz_14;BrBz_13;BrBz_124;BrBz_135;BrBz_1245;BrBz_123456;ClBz_123456;ClBz_12345;ClBz_1245;ClBz_12;ClBz_14,
b3lyp_gas,min_dG_1e_kcal,all,12,-0.3288,-6.2353,-0.5905,0.3486,0.0432,63.7751,5.3146,2.3053,2.6468,0.1414,,BrBz_1;BrBz_14;BrBz_13;BrBz_124;BrBz_135;BrBz_1245;BrBz_123456;ClBz_123456;ClBz_12345;ClBz_1245;ClBz_12;ClBz_14,
b3lyp_gas,min_wiberg_CX_parent,all,12,83.4803,-90.2196,0.4738,0.2244,0.1197,75.9364,6.328,2.5156,2.8657,-0.0065,,BrBz_1;BrBz_14;BrBz_13;BrBz_124;BrBz_135;BrBz_1245;BrBz_123456;ClBz_123456;ClBz_12345;ClBz_1245;ClBz_12;ClBz_14,
b3lyp_gas,min_BDE_kcal,all,12,-0.1507,9.7546,-0.3968,0.1575,0.2015,82.4924,6.8744,2.6219,3.14,-0.2084,,BrBz_1;BrBz_14;BrBz_13;BrBz_124;BrBz_135;BrBz_1245;BrBz_123456;ClBz_123456;ClBz_12345;ClBz_1245;ClBz_12;ClBz_14,
b3lyp_gas,dipole_D,all,12,-1.2077,-1.0742,-0.3872,0.1499,0.2137,83.2331,6.9361,2.6336,3.1073,-0.1834,,BrBz_1;BrBz_14;BrBz_13;BrBz_124;BrBz_135;BrBz_1245;BrBz_123456;ClBz_123456;ClBz_12345;ClBz_1245;ClBz_12;ClBz_14,
b3lyp_gas,max_dr_CX_RA_A,all,12,-2.7786,-0.7451,-0.3594,0.1292,0.2512,85.2621,7.1052,2.6656,3.1864,-0.2444,,BrBz_1;BrBz_14;BrBz_13;BrBz_124;BrBz_135;BrBz_1245;BrBz_123456;ClBz_123456;ClBz_12345;ClBz_1245;ClBz_12;ClBz_14,
b3lyp_gas,lambda_i_kcal,all,4,0.0384,-2.6408,0.2134,0.0455,0.7866,51.316,12.829,3.5818,9.0215,-5.0551,,BrBz_123456;ClBz_123456;ClBz_12345;ClBz_14,
b3lyp_gas,max_fplus_CX,all,12,2.8939,-2.5444,0.0708,0.005,0.8268,97.4203,8.1184,2.8493,4.0498,-1.0101,,BrBz_1;BrBz_14;BrBz_13;BrBz_124;BrBz_135;BrBz_1245;BrBz_123456;ClBz_123456;ClBz_12345;ClBz_1245;ClBz_12;ClBz_14,
b3lyp_gas,VIE_eV,all,12,1.3112,-13.6158,0.0652,0.0043,0.8404,97.4952,8.1246,2.8504,3.3992,-0.4161,,BrBz_1;BrBz_14;BrBz_13;BrBz_124;BrBz_135;BrBz_1245;BrBz_123456;ClBz_123456;ClBz_12345;ClBz_1245;ClBz_12;ClBz_14,
b3lyp_gas,max_spin_RA_X,all,4,1.8153,-1.4623,0.0631,0.004,0.9369,53.55,13.3875,3.6589,24.1188,-42.2794,,BrBz_123456;ClBz_123456;ClBz_12345;ClBz_14,
b3lyp_gas,max_spin_vA_X,all,12,1.133,-2.0553,0.0409,0.0017,0.8995,97.7477,8.1456,2.8541,3.6698,-0.6506,,BrBz_1;BrBz_14;BrBz_13;BrBz_124;BrBz_135;BrBz_1245;BrBz_123456;ClBz_123456;ClBz_12345;ClBz_1245;ClBz_12;ClBz_14,
b3lyp_smd,max_qCM5_X,bromobenzene,7,115.4708,0.5914,0.9828,0.9658,0.0001,1.9596,0.2799,0.5291,0.842,0.9134,,BrBz_1;BrBz_14;BrBz_13;BrBz_124;BrBz_135;BrBz_1245;BrBz_123456,2.636
b3lyp_smd,radius_A,bromobenzene,7,13.3213,-44.1809,0.9498,0.9021,0.0011,5.6145,0.8021,0.8956,1.5824,0.6943,,BrBz_1;BrBz_14;BrBz_13;BrBz_124;BrBz_135;BrBz_1245;BrBz_123456,1.481
b3lyp_smd,eff_dG_RA_2e_any_kcal,bromobenzene,7,-0.4066,-40.6782,-0.9484,0.8994,0.0011,5.7655,0.8236,0.9075,1.4854,0.7306,,BrBz_1;BrBz_14;BrBz_13;BrBz_124;BrBz_135;BrBz_1245;BrBz_123456,7.398
b3lyp_smd,eff_dG_rad_red_kcal,bromobenzene,7,-0.3177,-31.7478,-0.9469,0.8967,0.0012,5.9248,0.8464,0.92,1.6187,0.6801,,BrBz_1;BrBz_14;BrBz_13;BrBz_124;BrBz_135;BrBz_1245;BrBz_123456,3.271
b3lyp_smd,min_dG_rad_red_kcal,bromobenzene,7,-0.3278,-32.5355,-0.9452,0.8933,0.0013,6.1161,0.8737,0.9347,1.6079,0.6844,,BrBz_1;BrBz_14;BrBz_13;BrBz_124;BrBz_135;BrBz_1245;BrBz_123456,3.351
b3lyp_smd,min_dG_RA_2e_any_kcal,bromobenzene,7,-0.4218,-41.9329,-0.9449,0.8928,0.0013,6.146,0.878,0.937,1.4711,0.7358,,BrBz_1;BrBz_14;BrBz_13;BrBz_124;BrBz_135;BrBz_1245;BrBz_123456,7.619
b3lyp_smd,min_wiberg_CX_parent,bromobenzene,7,240.705,-252.1394,0.9388,0.8813,0.0017,6.8081,0.9726,0.9862,1.6358,0.6733,,BrBz_1;BrBz_14;BrBz_13;BrBz_124;BrBz_135;BrBz_1245;BrBz_123456,6.393
b3lyp_smd,min_pKa_ArH_site,bromobenzene,7,-0.4671,18.2821,-0.9286,0.8623,0.0025,7.8945,1.1278,1.062,1.9661,0.5281,,BrBz_1;BrBz_14;BrBz_13;BrBz_124;BrBz_135;BrBz_1245;BrBz_123456,2.95
b3lyp_smd,n_X,bromobenzene,7,1.7556,-6.915,0.9274,0.8601,0.0026,8.0218,1.146,1.0705,2.084,0.4698,,BrBz_1;BrBz_14;BrBz_13;BrBz_124;BrBz_135;BrBz_1245;BrBz_123456,2.545
b3lyp_smd,polar_iso_A3,bromobenzene,7,0.4933,-13.8586,0.925,0.8557,0.0028,8.2745,1.1821,1.0872,2.1551,0.433,,BrBz_1;BrBz_14;BrBz_13;BrBz_124;BrBz_135;BrBz_1245;BrBz_123456,1.463
b3lyp_smd,mu_Koopmans_eV,bromobenzene,7,-7.1767,-31.8925,-0.9237,0.8532,0.003,8.4159,1.2023,1.0965,2.2859,0.3621,,BrBz_1;BrBz_14;BrBz_13;BrBz_124;BrBz_135;BrBz_1245;BrBz_123456,1.505
b3lyp_smd,eff_dG_2e_carbanion_kcal,bromobenzene,7,-0.2212,-37.3823,-0.9194,0.8453,0.0034,8.869,1.267,1.1256,2.161,0.4299,,BrBz_1;BrBz_14;BrBz_13;BrBz_124;BrBz_135;BrBz_1245;BrBz_123456,3.45
b3lyp_smd,LUMO_eV,bromobenzene,7,-4.3352,-7.9111,-0.9185,0.8437,0.0035,8.9635,1.2805,1.1316,2.5073,0.2325,,BrBz_1;BrBz_14;BrBz_13;BrBz_124;BrBz_135;BrBz_1245;BrBz_123456,1.6
b3lyp_smd,min_dG_2e_carbanion_kcal,bromobenzene,7,-0.2259,-38.0284,-0.9174,0.8416,0.0036,9.0802,1.2972,1.1389,2.1466,0.4375,,BrBz_1;BrBz_14;BrBz_13;BrBz_124;BrBz_135;BrBz_1245;BrBz_123456,3.51
b3lyp_smd,mu_dSCF_eV,bromobenzene,7,-7.7459,-34.7184,-0.8973,0.8052,0.0061,11.168,1.5954,1.2631,2.9928,-0.0935,,BrBz_1;BrBz_14;BrBz_13;BrBz_124;BrBz_135;BrBz_1245;BrBz_123456,1.629
b3lyp_smd,min_dG_frag_any_kcal,bromobenzene,7,1.3174,0.0119,0.8959,0.8027,0.0063,11.3155,1.6165,1.2714,1.9705,0.526,,BrBz_1;BrBz_14;BrBz_13;BrBz_124;BrBz_135;BrBz_1245;BrBz_123456,14.291
b3lyp_smd,eff_dG_2e_HDH_kcal,bromobenzene,7,-0.6112,-135.9974,-0.8947,0.8005,0.0065,11.4416,1.6345,1.2785,2.3215,0.3421,,BrBz_1;BrBz_14;BrBz_13;BrBz_124;BrBz_135;BrBz_1245;BrBz_123456,4.552
b3lyp_smd,min_dG0_act_concerted_kcal,bromobenzene,7,-2.0629,49.9981,-0.8876,0.7878,0.0077,12.1687,1.7384,1.3185,2.9945,-0.0947,1.222,BrBz_1;BrBz_14;BrBz_13;BrBz_124;BrBz_135;BrBz_1245;BrBz_123456,7.115
b3lyp_smd,min_dG_2e_HDH_kcal,bromobenzene,7,-0.6499,-144.1566,-0.886,0.785,0.0079,12.327,1.761,1.327,2.394,0.3003,,BrBz_1;BrBz_14;BrBz_13;BrBz_124;BrBz_135;BrBz_1245;BrBz_123456,4.704
b3lyp_smd,VIE_eV,bromobenzene,7,14.8067,-104.8356,0.8851,0.7834,0.0081,12.4214,1.7745,1.3321,1.7443,0.6285,,BrBz_1;BrBz_14;BrBz_13;BrBz_124;BrBz_135;BrBz_1245;BrBz_123456,1.328
b3lyp_smd,eta_Koopmans_eV,bromobenzene,7,-5.1508,26.8821,-0.883,0.7797,0.0084,12.6292,1.8042,1.3432,2.3887,0.3034,,BrBz_1;BrBz_14;BrBz_13;BrBz_124;BrBz_135;BrBz_1245;BrBz_123456,2.112
b3lyp_smd,gap_eV,bromobenzene,7,-5.1508,26.8821,-0.883,0.7797,0.0084,12.6292,1.8042,1.3432,2.3887,0.3034,,BrBz_1;BrBz_14;BrBz_13;BrBz_124;BrBz_135;BrBz_1245;BrBz_123456,2.112
b3lyp_smd,eff_dG_frag_any_kcal,bromobenzene,7,1.5096,1.0164,0.8784,0.7716,0.0093,13.0959,1.8708,1.3678,2.0331,0.4954,,BrBz_1;BrBz_14;BrBz_13;BrBz_124;BrBz_135;BrBz_1245;BrBz_123456,16.682
b3lyp_smd,eff_dG_act_concerted_kcal @ -2.00 V,bromobenzene,7,-0.8657,13.9001,-0.878,0.7709,0.0093,13.1349,1.8764,1.3698,3.1803,-0.2348,0.513,BrBz_1;BrBz_14;BrBz_13;BrBz_124;BrBz_135;BrBz_1245;BrBz_123456,1.565
b3lyp_smd,LUMO_RA_eV,bromobenzene,7,-8.7741,-18.7654,-0.8694,0.7559,0.011,13.9962,1.9995,1.414,2.4366,0.2752,,BrBz_1;BrBz_14;BrBz_13;BrBz_124;BrBz_135;BrBz_1245;BrBz_123456,7.994
b3lyp_smd,omega_Koopmans_eV,bromobenzene,7,5.168,-10.21,0.8665,0.7508,0.0116,14.2914,2.0416,1.4289,3.7359,-0.7038,,BrBz_1;BrBz_14;BrBz_13;BrBz_124;BrBz_135;BrBz_1245;BrBz_123456,1.752
b3lyp_smd,dG_ET_any_kcal,bromobenzene,7,-0.4652,-32.1512,-0.8654,0.7489,0.0119,14.4004,2.0572,1.4343,3.2037,-0.253,,BrBz_1;BrBz_14;BrBz_13;BrBz_124;BrBz_135;BrBz_1245;BrBz_123456,3.804
b3lyp_smd,VEA_eV,bromobenzene,7,4.8048,-9.1902,0.8632,0.7452,0.0123,14.6127,2.0875,1.4448,3.4195,-0.4275,,BrBz_1;BrBz_14;BrBz_13;BrBz_124;BrBz_135;BrBz_1245;BrBz_123456,1.927
b3lyp_smd,eff_dG_1e_kcal,bromobenzene,7,-0.6415,-44.8411,-0.8396,0.705,0.0181,16.9147,2.4164,1.5545,3.7883,-0.752,,BrBz_1;BrBz_14;BrBz_13;BrBz_124;BrBz_135;BrBz_1245;BrBz_123456,3.836
b3lyp_smd,omega_dSCF_eV,bromobenzene,7,5.4507,-11.0661,0.8238,0.6786,0.0227,18.4279,2.6326,1.6225,4.5505,-1.5279,,BrBz_1;BrBz_14;BrBz_13;BrBz_124;BrBz_135;BrBz_1245;BrBz_123456,1.986
b3lyp_smd,min_dG_1e_kcal,bromobenzene,7,-0.6773,-46.9141,-0.8234,0.6779,0.0228,18.4662,2.638,1.6242,3.7844,-0.7484,,BrBz_1;BrBz_14;BrBz_13;BrBz_124;BrBz_135;BrBz_1245;BrBz_123456,3.964
b3lyp_smd,min_BDE_kcal,bromobenzene,7,-0.7196,49.7511,-0.8156,0.6652,0.0253,19.1995,2.7428,1.6561,3.9954,-0.9488,,BrBz_1;BrBz_14;BrBz_13;BrBz_124;BrBz_135;BrBz_1245;BrBz_123456,10.059
b3lyp_smd,HOMO_eV,bromobenzene,7,-14.6659,-104.0729,-0.7966,0.6346,0.032,20.9501,2.9929,1.73,2.2371,0.389,,BrBz_1;BrBz_14;BrBz_13;BrBz_124;BrBz_135;BrBz_1245;BrBz_123456,2.592
b3lyp_smd,eta_dSCF_eV,bromobenzene,7,-5.6725,28.9813,-0.7612,0.5794,0.0469,24.1193,3.4456,1.8562,2.8194,0.0295,,BrBz_1;BrBz_14;BrBz_13;BrBz_124;BrBz_135;BrBz_1245;BrBz_123456,2.538
b3lyp_smd,dipole_D,bromobenzene,7,-1.4671,-0.1601,-0.6093,0.3713,0.1464,36.0516,5.1502,2.2694,3.1262,-0.1931,,BrBz_1;BrBz_14;BrBz_13;BrBz_124;BrBz_135;BrBz_1245;BrBz_123456,3.453
b3lyp_smd,max_spin_vA_X,bromobenzene,7,13.5935,-2.8663,0.498,0.248,0.2554,43.1209,6.1601,2.482,4.735,-1.737,,BrBz_1;BrBz_14;BrBz_13;BrBz_124;BrBz_135;BrBz_1245;BrBz_123456,2.593
b3lyp_smd,max_dr_CX_RA_A,bromobenzene,7,-2.8228,-0.7115,-0.4915,0.2416,0.2626,43.4847,6.2121,2.4924,3.8755,-0.8336,,BrBz_1;BrBz_14;BrBz_13;BrBz_124;BrBz_135;BrBz_1245;BrBz_123456,6.516
b3lyp_smd,max_fplus_CX,bromobenzene,7,14.3159,-4.1915,0.4013,0.161,0.3722,48.1052,6.8722,2.6215,5.7996,-3.1062,,BrBz_1;BrBz_14;BrBz_13;BrBz_124;BrBz_135;BrBz_1245;BrBz_123456,2.381
b3lyp_smd,min_wiberg_CX_parent,chlorobenzene,5,187.379,-201.6932,0.9635,0.9284,0.0083,2.8211,0.5642,0.7512,1.3061,0.7834,,ClBz_123456;ClBz_12345;ClBz_1245;ClBz_12;ClBz_14,
b3lyp_smd,dG_ET_kcal,chlorobenzene,3,-0.2093,-15.1803,-0.9468,0.8965,0.2085,3.8793,1.2931,1.1371,29.1041,-66.8009,,ClBz_123456;ClBz_12345;ClBz_14,
b3lyp_smd,E_ET_V,chlorobenzene,3,4.8251,5.4805,0.9467,0.8963,0.2087,3.8866,1.2955,1.1382,29.3249,-67.8334,,ClBz_123456;ClBz_12345;ClBz_14,
b3lyp_smd,min_dG_frag_kcal,chlorobenzene,3,0.2513,0.2915,0.9438,0.8908,0.2144,4.0933,1.3644,1.1681,36.9948,-108.5494,,ClBz_123456;ClBz_12345;ClBz_14,
b3lyp_smd,max_spin_RA_X,chlorobenzene,3,24.0138,-7.4133,0.9406,0.8848,0.2205,4.3194,1.4398,1.1999,50.3936,-202.2728,,ClBz_123456;ClBz_12345;ClBz_14,
b3lyp_smd,AEA_elec_eV,chlorobenzene,3,4.5541,-13.683,0.9396,0.8829,0.2223,4.3888,1.4629,1.2095,56.3545,-253.2056,,ClBz_123456;ClBz_12345;ClBz_14,
b3lyp_smd,eff_dG_2e_HDH_kcal,chlorobenzene,5,-0.7788,-178.2968,-0.9384,0.8806,0.0182,4.7027,0.9405,0.9698,1.6785,0.6423,,ClBz_123456;ClBz_12345;ClBz_1245;ClBz_12;ClBz_14,
b3lyp_smd,eff_dG_frag_kcal,chlorobenzene,3,0.2518,0.4454,0.9359,0.8759,0.2292,4.6515,1.5505,1.2452,98.1148,-769.5428,,ClBz_123456;ClBz_12345;ClBz_14,
b3lyp_smd,HOMO_eV,chlorobenzene,5,-16.4813,-119.3384,-0.9342,0.8727,0.0201,5.0143,1.0029,1.0014,1.6191,0.6671,,ClBz_123456;ClBz_12345;ClBz_1245;ClBz_12;ClBz_14,
b3lyp_smd,eff_dG_1e_kcal,chlorobenzene,5,-1.1066,-81.7923,-0.9333,0.8711,0.0205,5.0752,1.015,1.0075,1.6771,0.6429,,ClBz_123456;ClBz_12345;ClBz_1245;ClBz_12;ClBz_14,
b3lyp_smd,min_dG_2e_HDH_kcal,chlorobenzene,5,-0.8274,-188.7141,-0.9329,0.8702,0.0207,5.1092,1.0218,1.0109,1.7509,0.6107,,ClBz_123456;ClBz_12345;ClBz_1245;ClBz_12;ClBz_14,
b3lyp_smd,eff_dG_act_concerted_kcal @ -2.00 V,chlorobenzene,5,-1.3076,23.2742,-0.925,0.8556,0.0244,5.6873,1.1375,1.0665,1.8024,0.5875,0.775,ClBz_123456;ClBz_12345;ClBz_1245;ClBz_12;ClBz_14,
b3lyp_smd,VIE_eV,chlorobenzene,5,15.143,-107.9498,0.9226,0.8512,0.0256,5.8604,1.1721,1.0826,1.7665,0.6038,,ClBz_123456;ClBz_12345;ClBz_1245;ClBz_12;ClBz_14,
b3lyp_smd,lambda_i_kcal,chlorobenzene,3,0.0951,-8.0278,0.9196,0.8457,0.257,5.7818,1.9273,1.3883,60.6366,-293.3049,,ClBz_123456;ClBz_12345;ClBz_14,
b3lyp_smd,eff_dG_2e_carbanion_kcal,chlorobenzene,5,-0.2084,-38.4193,-0.9113,0.8305,0.0313,6.6734,1.3347,1.1553,2.0267,0.4784,,ClBz_123456;ClBz_12345;ClBz_1245;ClBz_12;ClBz_14,
b3lyp_smd,eff_dG_rad_red_kcal,chlorobenzene,5,-0.2536,-28.1888,-0.911,0.8299,0.0315,6.6992,1.3398,1.1575,2.0396,0.4718,,ClBz_123456;ClBz_12345;ClBz_1245;ClBz_12;ClBz_14,
b3lyp_smd,max_qCM5_X,chlorobenzene,5,107.0264,2.5471,0.9037,0.8166,0.0354,7.2224,1.4445,1.2019,2.153,0.4114,,ClBz_123456;ClBz_12345;ClBz_1245;ClBz_12;ClBz_14,
b3lyp_smd,mu_Koopmans_eV,chlorobenzene,5,-9.5494,-42.5426,-0.9035,0.8162,0.0355,7.2356,1.4471,1.203,2.0202,0.4818,,ClBz_123456;ClBz_12345;ClBz_1245;ClBz_12;ClBz_14,
b3lyp_smd,min_dG_2e_carbanion_kcal,chlorobenzene,5,-0.2078,-38.1941,-0.9021,0.8137,0.0362,7.3357,1.4671,1.2113,2.1497,0.4132,,ClBz_123456;ClBz_12345;ClBz_1245;ClBz_12;ClBz_14,
b3lyp_smd,min_dG_rad_red_kcal,chlorobenzene,5,-0.2539,-28.0652,-0.9014,0.8126,0.0366,7.3791,1.4758,1.2148,2.1649,0.4049,,ClBz_123456;ClBz_12345;ClBz_1245;ClBz_12;ClBz_14,
b3lyp_smd,min_dG_1e_kcal,chlorobenzene,5,-1.1338,-83.065,-0.9,0.8099,0.0374,7.484,1.4968,1.2234,2.1249,0.4267,,ClBz_123456;ClBz_12345;ClBz_1245;ClBz_12;ClBz_14,
b3lyp_smd,mu_dSCF_eV,chlorobenzene,5,-11.6147,-51.8319,-0.8939,0.7991,0.0408,7.9108,1.5822,1.2578,2.2209,0.3737,,ClBz_123456;ClBz_12345;ClBz_1245;ClBz_12;ClBz_14,
b3lyp_smd,min_pKa_ArH_site,chlorobenzene,5,-0.3762,12.198,-0.8887,0.7898,0.0438,8.2756,1.6551,1.2865,2.3131,0.3207,,ClBz_123456;ClBz_12345;ClBz_1245;ClBz_12;ClBz_14,
b3lyp_smd,omega_Koopmans_eV,chlorobenzene,5,9.5257,-17.1045,0.8796,0.7737,0.0492,8.9128,1.7826,1.3351,2.2374,0.3644,,ClBz_123456;ClBz_12345;ClBz_1245;ClBz_12;ClBz_14,
b3lyp_smd,dG_ET_any_kcal,chlorobenzene,5,-0.1904,-14.5331,-0.8791,0.7728,0.0495,8.9466,1.7893,1.3377,4.612,-1.7009,,ClBz_123456;ClBz_12345;ClBz_1245;ClBz_12;ClBz_14,
b3lyp_smd,min_dG0_act_concerted_kcal,chlorobenzene,5,-2.6832,74.7798,-0.8788,0.7723,0.0497,8.965,1.793,1.339,2.3339,0.3084,1.59,ClBz_123456;ClBz_12345;ClBz_1245;ClBz_12;ClBz_14,
b3lyp_smd,LUMO_eV,chlorobenzene,5,-6.4346,-10.8385,-0.8706,0.758,0.0548,9.5301,1.906,1.3806,2.3912,0.274,,ClBz_123456;ClBz_12345;ClBz_1245;ClBz_12;ClBz_14,
b3lyp_smd,n_X,chlorobenzene,5,1.5249,-8.0827,0.8694,0.7558,0.0555,9.6145,1.9229,1.3867,2.4497,0.238,,ClBz_123456;ClBz_12345;ClBz_1245;ClBz_12;ClBz_14,
b3lyp_smd,radius_A,chlorobenzene,5,14.1827,-47.4148,0.8691,0.7553,0.0557,9.6358,1.9272,1.3882,2.4928,0.211,,ClBz_123456;ClBz_12345;ClBz_1245;ClBz_12;ClBz_14,
b3lyp_smd,polar_iso_A3,chlorobenzene,5,0.606,-16.5027,0.8684,0.7542,0.0561,9.6792,1.9358,1.3913,2.4451,0.2409,,ClBz_123456;ClBz_12345;ClBz_1245;ClBz_12;ClBz_14,
b3lyp_smd,omega_dSCF_eV,chlorobenzene,5,12.0268,-22.5654,0.8618,0.7427,0.0604,10.1332,2.0266,1.4236,2.6318,0.1205,,ClBz_123456;ClBz_12345;ClBz_1245;ClBz_12;ClBz_14,
b3lyp_smd,min_BDE_kcal,chlorobenzene,5,-1.0854,91.1689,-0.8511,0.7244,0.0674,10.8543,2.1709,1.4734,2.6228,0.1265,,ClBz_123456;ClBz_12345;ClBz_1245;ClBz_12;ClBz_14,
b3lyp_smd,VEA_eV,chlorobenzene,5,8.804,-15.9678,0.8467,0.7168,0.0704,11.1509,2.2302,1.4934,2.8104,-0.0029,,ClBz_123456;ClBz_12345;ClBz_1245;ClBz_12;ClBz_14,
b3lyp_smd,min_dG_frag_any_kcal,chlorobenzene,5,0.2087,-0.8423,0.8354,0.698,0.0781,11.893,2.3786,1.5423,3.7935,-0.8272,,ClBz_123456;ClBz_12345;ClBz_1245;ClBz_12;ClBz_14,
b3lyp_smd,min_dG_RA_2e_kcal,chlorobenzene,3,2.0886,236.8731,0.8256,0.6817,0.3816,11.9314,3.9771,1.9943,11.7734,-10.095,,ClBz_123456;ClBz_12345;ClBz_14,
b3lyp_smd,eff_dG_frag_any_kcal,chlorobenzene,5,0.2074,-0.7264,0.8238,0.6786,0.0864,12.6552,2.531,1.5909,6.8252,-4.9149,,ClBz_123456;ClBz_12345;ClBz_1245;ClBz_12;ClBz_14,
b3lyp_smd,LUMO_RA_eV,chlorobenzene,5,-2.0924,-6.9966,-0.7914,0.6263,0.1107,14.7161,2.9432,1.7156,6.2561,-3.9696,,ClBz_123456;ClBz_12345;ClBz_1245;ClBz_12;ClBz_14,
b3lyp_smd,eta_Koopmans_eV,chlorobenzene,5,-8.8871,49.0207,-0.7592,0.5763,0.1366,16.6833,3.3367,1.8267,3.7012,-0.7394,,ClBz_123456;ClBz_12345;ClBz_1245;ClBz_12;ClBz_14,
b3lyp_smd,gap_eV,chlorobenzene,5,-8.8871,49.0207,-0.7592,0.5763,0.1366,16.6833,3.3367,1.8267,3.7012,-0.7394,,ClBz_123456;ClBz_12345;ClBz_1245;ClBz_12;ClBz_14,
b3lyp_smd,max_fplus_CX,chlorobenzene,5,43.4508,-9.6297,0.7551,0.5701,0.14,16.9264,3.3853,1.8399,3.1184,-0.2348,,ClBz_123456;ClBz_12345;ClBz_1245;ClBz_12;ClBz_14,
b3lyp_smd,max_spin_vA_X,chlorobenzene,5,87.1865,-4.9657,0.7209,0.5197,0.1694,18.9118,3.7824,1.9448,3.315,-0.3954,,ClBz_123456;ClBz_12345;ClBz_1245;ClBz_12;ClBz_14,
b3lyp_smd,eff_dG_RA_2e_kcal,chlorobenzene,3,1.5172,172.205,0.6344,0.4025,0.5625,22.3932,7.4644,2.7321,10.0495,-7.0838,,ClBz_123456;ClBz_12345;ClBz_14,
b3lyp_smd,eta_dSCF_eV,chlorobenzene,5,-11.3354,59.1883,-0.5343,0.2855,0.3536,28.1343,5.6269,2.3721,4.6847,-1.7867,,ClBz_123456;ClBz_12345;ClBz_1245;ClBz_12;ClBz_14,
b3lyp_smd,dipole_D,chlorobenzene,5,-0.1975,-2.0703,-0.1092,0.0119,0.8612,38.9077,7.7815,2.7895,4.1312,-1.1671,,ClBz_123456;ClBz_12345;ClBz_1245;ClBz_12;ClBz_14,
b3lyp_smd,min_dG_RA_2e_any_kcal,chlorobenzene,5,0.0171,-0.4304,0.0498,0.0025,0.9366,39.2799,7.856,2.8029,4.9138,-2.0659,,ClBz_123456;ClBz_12345;ClBz_1245;ClBz_12;ClBz_14,
b3lyp_smd,max_dr_CX_RA_A,chlorobenzene,5,-0.0539,-2.2137,-0.0375,0.0014,0.9523,39.3222,7.8644,2.8044,11.8632,-16.8701,,ClBz_123456;ClBz_12345;ClBz_1245;ClBz_12;ClBz_14,
b3lyp_smd,eff_dG_RA_2e_any_kcal,chlorobenzene,5,0.009,-1.3112,0.0261,0.0007,0.9668,39.3506,7.8701,2.8054,4.8697,-2.0111,,ClBz_123456;ClBz_12345;ClBz_1245;ClBz_12;ClBz_14,
b3lyp_smd,dG_ET_kcal,halobenzene,4,-0.2261,-15.9388,-0.9525,0.9072,0.0475,4.9885,1.2471,1.1168,7.8925,-3.6344,,BrBz_123456;ClBz_123456;ClBz_12345;ClBz_14,
b3lyp_smd,E_ET_V,halobenzene,4,5.2135,6.3843,0.9524,0.907,0.0476,4.9984,1.2496,1.1179,7.9025,-3.6463,,BrBz_123456;ClBz_123456;ClBz_12345;ClBz_14,
b3lyp_smd,min_dG_frag_kcal,halobenzene,4,0.2719,0.7882,0.9499,0.9023,0.0501,5.2533,1.3133,1.146,7.9539,-3.7068,,BrBz_123456;ClBz_123456;ClBz_12345;ClBz_14,
b3lyp_smd,AEA_elec_eV,halobenzene,4,4.966,-14.3844,0.9434,0.89,0.0566,5.9128,1.4782,1.2158,10.2912,-6.8795,,BrBz_123456;ClBz_123456;ClBz_12345;ClBz_14,
b3lyp_smd,eff_dG_frag_kcal,halobenzene,4,0.2739,0.997,0.9423,0.888,0.0577,6.0207,1.5052,1.2269,8.0711,-3.8466,,BrBz_123456;ClBz_123456;ClBz_12345;ClBz_14,
b3lyp_smd,radius_A,halobenzene,12,13.6471,-45.4251,0.9145,0.8364,0.0,16.022,1.3352,1.1555,1.4115,0.7558,,BrBz_1;BrBz_14;BrBz_13;BrBz_124;BrBz_135;BrBz_1245;BrBz_123456;ClBz_123456;ClBz_12345;ClBz_1245;ClBz_12;ClBz_14,
b3lyp_smd,mu_Koopmans_eV,halobenzene,12,-7.8172,-34.8623,-0.9016,0.8128,0.0001,18.3272,1.5273,1.2358,1.6212,0.6779,,BrBz_1;BrBz_14;BrBz_13;BrBz_124;BrBz_135;BrBz_1245;BrBz_123456;ClBz_123456;ClBz_12345;ClBz_1245;ClBz_12;ClBz_14,
b3lyp_smd,polar_iso_A3,halobenzene,12,0.5251,-14.627,0.8995,0.8091,0.0001,18.6915,1.5576,1.248,1.6993,0.6461,,BrBz_1;BrBz_14;BrBz_13;BrBz_124;BrBz_135;BrBz_1245;BrBz_123456;ClBz_123456;ClBz_12345;ClBz_1245;ClBz_12;ClBz_14,
b3lyp_smd,VIE_eV,halobenzene,12,14.8918,-105.749,0.892,0.7956,0.0001,20.0142,1.6679,1.2915,1.4975,0.7252,,BrBz_1;BrBz_14;BrBz_13;BrBz_124;BrBz_135;BrBz_1245;BrBz_123456;ClBz_123456;ClBz_12345;ClBz_1245;ClBz_12;ClBz_14,
b3lyp_smd,max_qCM5_X,halobenzene,12,93.0563,0.8897,0.8872,0.7871,0.0001,20.8439,1.737,1.3179,1.5632,0.7005,,BrBz_1;BrBz_14;BrBz_13;BrBz_124;BrBz_135;BrBz_1245;BrBz_123456;ClBz_123456;ClBz_12345;ClBz_1245;ClBz_12;ClBz_14,
b3lyp_smd,LUMO_eV,halobenzene,12,-4.8031,-8.6219,-0.8863,0.7856,0.0001,20.9963,1.7497,1.3228,1.9612,0.5286,,BrBz_1;BrBz_14;BrBz_13;BrBz_124;BrBz_135;BrBz_1245;BrBz_123456;ClBz_123456;ClBz_12345;ClBz_1245;ClBz_12;ClBz_14,
b3lyp_smd,mu_dSCF_eV,halobenzene,12,-8.6525,-38.8424,-0.8757,0.7668,0.0002,22.8332,1.9028,1.3794,1.9459,0.5359,,BrBz_1;BrBz_14;BrBz_13;BrBz_124;BrBz_135;BrBz_1245;BrBz_123456;ClBz_123456;ClBz_12345;ClBz_1245;ClBz_12;ClBz_14,
b3lyp_smd,eff_dG_act_concerted_kcal @ -2.00 V,halobenzene,12,-0.9272,15.352,-0.8693,0.7556,0.0002,23.9248,1.9937,1.412,2.2663,0.3705,0.549,BrBz_1;BrBz_14;BrBz_13;BrBz_124;BrBz_135;BrBz_1245;BrBz_123456;ClBz_123456;ClBz_12345;ClBz_1245;ClBz_12;ClBz_14,
b3lyp_smd,omega_Koopmans_eV,halobenzene,12,5.9254,-11.4813,0.8421,0.7091,0.0006,28.4852,2.3738,1.5407,2.6568,0.1349,,BrBz_1;BrBz_14;BrBz_13;BrBz_124;BrBz_135;BrBz_1245;BrBz_123456;ClBz_123456;ClBz_12345;ClBz_1245;ClBz_12;ClBz_14,
b3lyp_smd,n_X,halobenzene,12,1.5037,-6.9273,0.8416,0.7082,0.0006,28.5668,2.3806,1.5429,1.7804,0.6115,,BrBz_1;BrBz_14;BrBz_13;BrBz_124;BrBz_135;BrBz_1245;BrBz_123456;ClBz_123456;ClBz_12345;ClBz_1245;ClBz_12;ClBz_14,
b3lyp_smd,VEA_eV,halobenzene,12,5.4739,-10.471,0.8234,0.678,0.001,31.5229,2.6269,1.6208,2.3716,0.3107,,BrBz_1;BrBz_14;BrBz_13;BrBz_124;BrBz_135;BrBz_1245;BrBz_123456;ClBz_123456;ClBz_12345;ClBz_1245;ClBz_12;ClBz_14,
b3lyp_smd,min_pKa_ArH_site,halobenzene,12,-0.3638,12.9745,-0.8194,0.6715,0.0011,32.1649,2.6804,1.6372,1.996,0.5117,,BrBz_1;BrBz_14;BrBz_13;BrBz_124;BrBz_135;BrBz_1245;BrBz_123456;ClBz_123456;ClBz_12345;ClBz_1245;ClBz_12;ClBz_14,
b3lyp_smd,eff_dG_rad_red_kcal,halobenzene,12,-0.2353,-24.9258,-0.8156,0.6652,0.0012,32.7801,2.7317,1.6528,1.9931,0.5131,,BrBz_1;BrBz_14;BrBz_13;BrBz_124;BrBz_135;BrBz_1245;BrBz_123456;ClBz_123456;ClBz_12345;ClBz_1245;ClBz_12;ClBz_14,
b3lyp_smd,min_dG_rad_red_kcal,halobenzene,12,-0.238,-25.0647,-0.8081,0.653,0.0015,33.9728,2.8311,1.6826,2.0474,0.4863,,BrBz_1;BrBz_14;BrBz_13;BrBz_124;BrBz_135;BrBz_1245;BrBz_123456;ClBz_123456;ClBz_12345;ClBz_1245;ClBz_12;ClBz_14,
b3lyp_smd,eta_Koopmans_eV,halobenzene,12,-5.4723,28.931,-0.8077,0.6523,0.0015,34.0412,2.8368,1.6843,2.3637,0.3153,,BrBz_1;BrBz_14;BrBz_13;BrBz_124;BrBz_135;BrBz_1245;BrBz_123456;ClBz_123456;ClBz_12345;ClBz_1245;ClBz_12;ClBz_14,
b3lyp_smd,gap_eV,halobenzene,12,-5.4723,28.931,-0.8077,0.6523,0.0015,34.0412,2.8368,1.6843,2.3637,0.3153,,BrBz_1;BrBz_14;BrBz_13;BrBz_124;BrBz_135;BrBz_1245;BrBz_123456;ClBz_123456;ClBz_12345;ClBz_1245;ClBz_12;ClBz_14,
b3lyp_smd,dG_ET_any_kcal,halobenzene,12,-0.2441,-17.7925,-0.7965,0.6344,0.0019,35.7948,2.9829,1.7271,2.4481,0.2655,,BrBz_1;BrBz_14;BrBz_13;BrBz_124;BrBz_135;BrBz_1245;BrBz_123456;ClBz_123456;ClBz_12345;ClBz_1245;ClBz_12;ClBz_14,
b3lyp_smd,omega_dSCF_eV,halobenzene,12,6.3604,-12.7936,0.7917,0.6268,0.0022,36.5444,3.0454,1.7451,2.9705,-0.0814,,BrBz_1;BrBz_14;BrBz_13;BrBz_124;BrBz_135;BrBz_1245;BrBz_123456;ClBz_123456;ClBz_12345;ClBz_1245;ClBz_12;ClBz_14,
b3lyp_smd,eff_dG_2e_carbanion_kcal,halobenzene,12,-0.1648,-29.3424,-0.7718,0.5957,0.0033,39.5815,3.2985,1.8162,2.1422,0.4376,,BrBz_1;BrBz_14;BrBz_13;BrBz_124;BrBz_135;BrBz_1245;BrBz_123456;ClBz_123456;ClBz_12345;ClBz_1245;ClBz_12;ClBz_14,
b3lyp_smd,min_dG_2e_carbanion_kcal,halobenzene,12,-0.1657,-29.4066,-0.7651,0.5854,0.0037,40.5978,3.3831,1.8393,2.1833,0.4158,,BrBz_1;BrBz_14;BrBz_13;BrBz_124;BrBz_135;BrBz_1245;BrBz_123456;ClBz_123456;ClBz_12345;ClBz_1245;ClBz_12;ClBz_14,
b3lyp_smd,min_dG_RA_2e_kcal,halobenzene,4,0.8185,91.0557,0.7595,0.5769,0.2405,22.7474,5.6869,2.3847,6.7024,-2.3422,,BrBz_123456;ClBz_123456;ClBz_12345;ClBz_14,
b3lyp_smd,HOMO_eV,halobenzene,12,-12.918,-92.7678,-0.7572,0.5733,0.0043,41.7763,3.4814,1.8658,2.18,0.4176,,BrBz_1;BrBz_14;BrBz_13;BrBz_124;BrBz_135;BrBz_1245;BrBz_123456;ClBz_123456;ClBz_12345;ClBz_1245;ClBz_12;ClBz_14,
b3lyp_smd,eff_dG_RA_2e_kcal,halobenzene,4,0.8183,91.5709,0.716,0.5127,0.284,26.2005,6.5501,2.5593,5.2766,-1.0715,,BrBz_123456;ClBz_123456;ClBz_12345;ClBz_14,
b3lyp_smd,eta_dSCF_eV,halobenzene,12,-6.1457,31.3301,-0.6577,0.4326,0.0201,55.5526,4.6294,2.1516,2.6008,0.171,,BrBz_1;BrBz_14;BrBz_13;BrBz_124;BrBz_135;BrBz_1245;BrBz_123456;ClBz_123456;ClBz_12345;ClBz_1245;ClBz_12;ClBz_14,
b3lyp_smd,min_dG_frag_any_kcal,halobenzene,12,0.2358,-1.0605,0.6534,0.4269,0.0212,56.1119,4.676,2.1624,7.4472,-5.7972,,BrBz_1;BrBz_14;BrBz_13;BrBz_124;BrBz_135;BrBz_1245;BrBz_123456;ClBz_123456;ClBz_12345;ClBz_1245;ClBz_12;ClBz_14,
b3lyp_smd,LUMO_RA_eV,halobenzene,12,-2.5037,-7.1115,-0.643,0.4134,0.0241,57.4339,4.7862,2.1877,2.5755,0.1871,,BrBz_1;BrBz_14;BrBz_13;BrBz_124;BrBz_135;BrBz_1245;BrBz_123456;ClBz_123456;ClBz_12345;ClBz_1245;ClBz_12;ClBz_14,
b3lyp_smd,eff_dG_2e_HDH_kcal,halobenzene,12,-0.3714,-84.5079,-0.6403,0.41,0.0249,57.7661,4.8138,2.194,2.5178,0.2231,,BrBz_1;BrBz_14;BrBz_13;BrBz_124;BrBz_135;BrBz_1245;BrBz_123456;ClBz_123456;ClBz_12345;ClBz_1245;ClBz_12;ClBz_14,
b3lyp_smd,eff_dG_1e_kcal,halobenzene,12,-0.4612,-33.8345,-0.6349,0.4031,0.0265,58.4387,4.8699,2.2068,2.5217,0.2207,,BrBz_1;BrBz_14;BrBz_13;BrBz_124;BrBz_135;BrBz_1245;BrBz_123456;ClBz_123456;ClBz_12345;ClBz_1245;ClBz_12;ClBz_14,
b3lyp_smd,eff_dG_frag_any_kcal,halobenzene,12,0.229,-0.9604,0.6285,0.3951,0.0286,59.2293,4.9358,2.2217,7.2015,-5.3561,,BrBz_1;BrBz_14;BrBz_13;BrBz_124;BrBz_135;BrBz_1245;BrBz_123456;ClBz_123456;ClBz_12345;ClBz_1245;ClBz_12;ClBz_14,
b3lyp_smd,min_dG_2e_HDH_kcal,halobenzene,12,-0.3784,-85.8482,-0.6199,0.3842,0.0316,60.29,5.0242,2.2415,2.5807,0.1838,,BrBz_1;BrBz_14;BrBz_13;BrBz_124;BrBz_135;BrBz_1245;BrBz_123456;ClBz_123456;ClBz_12345;ClBz_1245;ClBz_12;ClBz_14,
b3lyp_smd,min_wiberg_CX_parent,halobenzene,12,102.3754,-109.4558,0.6145,0.3776,0.0335,60.9445,5.0787,2.2536,2.5734,0.1884,,BrBz_1;BrBz_14;BrBz_13;BrBz_124;BrBz_135;BrBz_1245;BrBz_123456;ClBz_123456;ClBz_12345;ClBz_1245;ClBz_12;ClBz_14,
b3lyp_smd,min_dG_1e_kcal,halobenzene,12,-0.4645,-33.8091,-0.6055,0.3666,0.037,62.0195,5.1683,2.2734,2.619,0.1594,,BrBz_1;BrBz_14;BrBz_13;BrBz_124;BrBz_135;BrBz_1245;BrBz_123456;ClBz_123456;ClBz_12345;ClBz_1245;ClBz_12;ClBz_14,
b3lyp_smd,min_dG0_act_concerted_kcal,halobenzene,12,-0.7364,17.653,-0.5493,0.3017,0.0643,68.371,5.6976,2.387,2.7795,0.0532,0.436,BrBz_1;BrBz_14;BrBz_13;BrBz_124;BrBz_135;BrBz_1245;BrBz_123456;ClBz_123456;ClBz_12345;ClBz_1245;ClBz_12;ClBz_14,
b3lyp_smd,max_spin_RA_X,halobenzene,4,14.892,-3.9151,0.5246,0.2752,0.4754,38.968,9.742,3.1212,6.6412,-2.2814,,BrBz_123456;ClBz_123456;ClBz_12345;ClBz_14,
b3lyp_smd,max_fplus_CX,halobenzene,12,20.6056,-5.501,0.4979,0.2479,0.0995,73.6393,6.1366,2.4772,3.5503,-0.5448,,BrBz_1;BrBz_14;BrBz_13;BrBz_124;BrBz_135;BrBz_1245;BrBz_123456;ClBz_123456;ClBz_12345;ClBz_1245;ClBz_12;ClBz_14,
b3lyp_smd,max_spin_vA_X,halobenzene,12,15.4933,-2.923,0.4691,0.2201,0.1239,76.3655,6.3638,2.5227,4.2176,-1.1801,,BrBz_1;BrBz_14;BrBz_13;BrBz_124;BrBz_135;BrBz_1245;BrBz_123456;ClBz_123456;ClBz_12345;ClBz_1245;ClBz_12;ClBz_14,
b3lyp_smd,lambda_i_kcal,halobenzene,4,0.0467,-3.558,0.4253,0.1809,0.5747,44.0397,11.0099,3.3181,6.8138,-2.4542,,BrBz_123456;ClBz_123456;ClBz_12345;ClBz_14,
b3lyp_smd,min_BDE_kcal,halobenzene,12,-0.147,9.4834,-0.4002,0.1602,0.1974,82.2309,6.8526,2.6177,3.1322,-0.2024,,BrBz_1;BrBz_14;BrBz_13;BrBz_124;BrBz_135;BrBz_1245;BrBz_123456;ClBz_123456;ClBz_12345;ClBz_1245;ClBz_12;ClBz_14,
b3lyp_smd,dipole_D,halobenzene,12,-0.7767,-1.0981,-0.3678,0.1353,0.2395,84.6651,7.0554,2.6562,3.1224,-0.1949,,BrBz_1;BrBz_14;BrBz_13;BrBz_124;BrBz_135;BrBz_1245;BrBz_123456;ClBz_123456;ClBz_12345;ClBz_1245;ClBz_12;ClBz_14,
b3lyp_smd,eff_dG_RA_2e_any_kcal,halobenzene,12,-0.0871,-10.7508,-0.2975,0.0885,0.3476,89.2443,7.437,2.7271,3.5623,-0.5553,,BrBz_1;BrBz_14;BrBz_13;BrBz_124;BrBz_135;BrBz_1245;BrBz_123456;ClBz_123456;ClBz_12345;ClBz_1245;ClBz_12;ClBz_14,
b3lyp_smd,min_dG_RA_2e_any_kcal,halobenzene,12,-0.0823,-10.2169,-0.2772,0.0768,0.3831,90.3888,7.5324,2.7445,3.5951,-0.5841,,BrBz_1;BrBz_14;BrBz_13;BrBz_124;BrBz_135;BrBz_1245;BrBz_123456;ClBz_123456;ClBz_12345;ClBz_1245;ClBz_12;ClBz_14,
b3lyp_smd,max_dr_CX_RA_A,halobenzene,12,-0.3292,-1.6612,-0.163,0.0266,0.6128,95.3115,7.9426,2.8183,3.2173,-0.2686,,BrBz_1;BrBz_14;BrBz_13;BrBz_124;BrBz_135;BrBz_1245;BrBz_123456;ClBz_123456;ClBz_12345;ClBz_1245;ClBz_12;ClBz_14,
b3lyp_smd,dG_ET_kcal,all,4,-0.2261,-15.9388,-0.9525,0.9072,0.0475,4.9885,1.2471,1.1168,7.8925,-3.6344,,BrBz_123456;ClBz_123456;ClBz_12345;ClBz_14,
b3lyp_smd,E_ET_V,all,4,5.2135,6.3843,0.9524,0.907,0.0476,4.9984,1.2496,1.1179,7.9025,-3.6463,,BrBz_123456;ClBz_123456;ClBz_12345;ClBz_14,
b3lyp_smd,min_dG_frag_kcal,all,4,0.2719,0.7882,0.9499,0.9023,0.0501,5.2533,1.3133,1.146,7.9539,-3.7068,,BrBz_123456;ClBz_123456;ClBz_12345;ClBz_14,
b3lyp_smd,AEA_elec_eV,all,4,4.966,-14.3844,0.9434,0.89,0.0566,5.9128,1.4782,1.2158,10.2912,-6.8795,,BrBz_123456;ClBz_123456;ClBz_12345;ClBz_14,
b3lyp_smd,eff_dG_frag_kcal,all,4,0.2739,0.997,0.9423,0.888,0.0577,6.0207,1.5052,1.2269,8.0711,-3.8466,,BrBz_123456;ClBz_123456;ClBz_12345;ClBz_14,
b3lyp_smd,radius_A,all,12,13.6471,-45.4251,0.9145,0.8364,0.0,16.022,1.3352,1.1555,1.4115,0.7558,,BrBz_1;BrBz_14;BrBz_13;BrBz_124;BrBz_135;BrBz_1245;BrBz_123456;ClBz_123456;ClBz_12345;ClBz_1245;ClBz_12;ClBz_14,
b3lyp_smd,mu_Koopmans_eV,all,12,-7.8172,-34.8623,-0.9016,0.8128,0.0001,18.3272,1.5273,1.2358,1.6212,0.6779,,BrBz_1;BrBz_14;BrBz_13;BrBz_124;BrBz_135;BrBz_1245;BrBz_123456;ClBz_123456;ClBz_12345;ClBz_1245;ClBz_12;ClBz_14,
b3lyp_smd,polar_iso_A3,all,12,0.5251,-14.627,0.8995,0.8091,0.0001,18.6915,1.5576,1.248,1.6993,0.6461,,BrBz_1;BrBz_14;BrBz_13;BrBz_124;BrBz_135;BrBz_1245;BrBz_123456;ClBz_123456;ClBz_12345;ClBz_1245;ClBz_12;ClBz_14,
b3lyp_smd,VIE_eV,all,12,14.8918,-105.749,0.892,0.7956,0.0001,20.0142,1.6679,1.2915,1.4975,0.7252,,BrBz_1;BrBz_14;BrBz_13;BrBz_124;BrBz_135;BrBz_1245;BrBz_123456;ClBz_123456;ClBz_12345;ClBz_1245;ClBz_12;ClBz_14,
b3lyp_smd,max_qCM5_X,all,12,93.0563,0.8897,0.8872,0.7871,0.0001,20.8439,1.737,1.3179,1.5632,0.7005,,BrBz_1;BrBz_14;BrBz_13;BrBz_124;BrBz_135;BrBz_1245;BrBz_123456;ClBz_123456;ClBz_12345;ClBz_1245;ClBz_12;ClBz_14,
b3lyp_smd,LUMO_eV,all,12,-4.8031,-8.6219,-0.8863,0.7856,0.0001,20.9963,1.7497,1.3228,1.9612,0.5286,,BrBz_1;BrBz_14;BrBz_13;BrBz_124;BrBz_135;BrBz_1245;BrBz_123456;ClBz_123456;ClBz_12345;ClBz_1245;ClBz_12;ClBz_14,
b3lyp_smd,mu_dSCF_eV,all,12,-8.6525,-38.8424,-0.8757,0.7668,0.0002,22.8332,1.9028,1.3794,1.9459,0.5359,,BrBz_1;BrBz_14;BrBz_13;BrBz_124;BrBz_135;BrBz_1245;BrBz_123456;ClBz_123456;ClBz_12345;ClBz_1245;ClBz_12;ClBz_14,
b3lyp_smd,eff_dG_act_concerted_kcal @ -2.00 V,all,12,-0.9272,15.352,-0.8693,0.7556,0.0002,23.9248,1.9937,1.412,2.2663,0.3705,0.549,BrBz_1;BrBz_14;BrBz_13;BrBz_124;BrBz_135;BrBz_1245;BrBz_123456;ClBz_123456;ClBz_12345;ClBz_1245;ClBz_12;ClBz_14,
b3lyp_smd,omega_Koopmans_eV,all,12,5.9254,-11.4813,0.8421,0.7091,0.0006,28.4852,2.3738,1.5407,2.6568,0.1349,,BrBz_1;BrBz_14;BrBz_13;BrBz_124;BrBz_135;BrBz_1245;BrBz_123456;ClBz_123456;ClBz_12345;ClBz_1245;ClBz_12;ClBz_14,
b3lyp_smd,VEA_eV,all,12,5.4739,-10.471,0.8234,0.678,0.001,31.5229,2.6269,1.6208,2.3716,0.3107,,BrBz_1;BrBz_14;BrBz_13;BrBz_124;BrBz_135;BrBz_1245;BrBz_123456;ClBz_123456;ClBz_12345;ClBz_1245;ClBz_12;ClBz_14,
b3lyp_smd,n_X,all,14,1.417,-6.8402,0.822,0.6758,0.0003,32.2774,2.3055,1.5184,1.7159,0.5859,,BrBz_1;BrBz_14;BrBz_13;BrBz_124;BrBz_135;BrBz_1245;BrBz_123456;BDE_24_24;BDE_245_24;ClBz_123456;ClBz_12345;ClBz_1245;ClBz_12;ClBz_14,
b3lyp_smd,min_pKa_ArH_site,all,12,-0.3638,12.9745,-0.8194,0.6715,0.0011,32.1649,2.6804,1.6372,1.996,0.5117,,BrBz_1;BrBz_14;BrBz_13;BrBz_124;BrBz_135;BrBz_1245;BrBz_123456;ClBz_123456;ClBz_12345;ClBz_1245;ClBz_12;ClBz_14,
b3lyp_smd,eff_dG_rad_red_kcal,all,12,-0.2353,-24.9258,-0.8156,0.6652,0.0012,32.7801,2.7317,1.6528,1.9931,0.5131,,BrBz_1;BrBz_14;BrBz_13;BrBz_124;BrBz_135;BrBz_1245;BrBz_123456;ClBz_123456;ClBz_12345;ClBz_1245;ClBz_12;ClBz_14,
b3lyp_smd,min_dG_rad_red_kcal,all,12,-0.238,-25.0647,-0.8081,0.653,0.0015,33.9728,2.8311,1.6826,2.0474,0.4863,,BrBz_1;BrBz_14;BrBz_13;BrBz_124;BrBz_135;BrBz_1245;BrBz_123456;ClBz_123456;ClBz_12345;ClBz_1245;ClBz_12;ClBz_14,
b3lyp_smd,eta_Koopmans_eV,all,12,-5.4723,28.931,-0.8077,0.6523,0.0015,34.0412,2.8368,1.6843,2.3637,0.3153,,BrBz_1;BrBz_14;BrBz_13;BrBz_124;BrBz_135;BrBz_1245;BrBz_123456;ClBz_123456;ClBz_12345;ClBz_1245;ClBz_12;ClBz_14,
b3lyp_smd,gap_eV,all,12,-5.4723,28.931,-0.8077,0.6523,0.0015,34.0412,2.8368,1.6843,2.3637,0.3153,,BrBz_1;BrBz_14;BrBz_13;BrBz_124;BrBz_135;BrBz_1245;BrBz_123456;ClBz_123456;ClBz_12345;ClBz_1245;ClBz_12;ClBz_14,
b3lyp_smd,dG_ET_any_kcal,all,12,-0.2441,-17.7925,-0.7965,0.6344,0.0019,35.7948,2.9829,1.7271,2.4481,0.2655,,BrBz_1;BrBz_14;BrBz_13;BrBz_124;BrBz_135;BrBz_1245;BrBz_123456;ClBz_123456;ClBz_12345;ClBz_1245;ClBz_12;ClBz_14,
b3lyp_smd,omega_dSCF_eV,all,12,6.3604,-12.7936,0.7917,0.6268,0.0022,36.5444,3.0454,1.7451,2.9705,-0.0814,,BrBz_1;BrBz_14;BrBz_13;BrBz_124;BrBz_135;BrBz_1245;BrBz_123456;ClBz_123456;ClBz_12345;ClBz_1245;ClBz_12;ClBz_14,
b3lyp_smd,eff_dG_2e_carbanion_kcal,all,12,-0.1648,-29.3424,-0.7718,0.5957,0.0033,39.5815,3.2985,1.8162,2.1422,0.4376,,BrBz_1;BrBz_14;BrBz_13;BrBz_124;BrBz_135;BrBz_1245;BrBz_123456;ClBz_123456;ClBz_12345;ClBz_1245;ClBz_12;ClBz_14,
b3lyp_smd,min_dG_2e_carbanion_kcal,all,12,-0.1657,-29.4066,-0.7651,0.5854,0.0037,40.5978,3.3831,1.8393,2.1833,0.4158,,BrBz_1;BrBz_14;BrBz_13;BrBz_124;BrBz_135;BrBz_1245;BrBz_123456;ClBz_123456;ClBz_12345;ClBz_1245;ClBz_12;ClBz_14,
b3lyp_smd,min_dG_RA_2e_kcal,all,4,0.8185,91.0557,0.7595,0.5769,0.2405,22.7474,5.6869,2.3847,6.7024,-2.3422,,BrBz_123456;ClBz_123456;ClBz_12345;ClBz_14,
b3lyp_smd,HOMO_eV,all,12,-12.918,-92.7678,-0.7572,0.5733,0.0043,41.7763,3.4814,1.8658,2.18,0.4176,,BrBz_1;BrBz_14;BrBz_13;BrBz_124;BrBz_135;BrBz_1245;BrBz_123456;ClBz_123456;ClBz_12345;ClBz_1245;ClBz_12;ClBz_14,
b3lyp_smd,eff_dG_RA_2e_kcal,all,4,0.8183,91.5709,0.716,0.5127,0.284,26.2005,6.5501,2.5593,5.2766,-1.0715,,BrBz_123456;ClBz_123456;ClBz_12345;ClBz_14,
b3lyp_smd,eta_dSCF_eV,all,12,-6.1457,31.3301,-0.6577,0.4326,0.0201,55.5526,4.6294,2.1516,2.6008,0.171,,BrBz_1;BrBz_14;BrBz_13;BrBz_124;BrBz_135;BrBz_1245;BrBz_123456;ClBz_123456;ClBz_12345;ClBz_1245;ClBz_12;ClBz_14,
b3lyp_smd,min_dG_frag_any_kcal,all,12,0.2358,-1.0605,0.6534,0.4269,0.0212,56.1119,4.676,2.1624,7.4472,-5.7972,,BrBz_1;BrBz_14;BrBz_13;BrBz_124;BrBz_135;BrBz_1245;BrBz_123456;ClBz_123456;ClBz_12345;ClBz_1245;ClBz_12;ClBz_14,
b3lyp_smd,LUMO_RA_eV,all,12,-2.5037,-7.1115,-0.643,0.4134,0.0241,57.4339,4.7862,2.1877,2.5755,0.1871,,BrBz_1;BrBz_14;BrBz_13;BrBz_124;BrBz_135;BrBz_1245;BrBz_123456;ClBz_123456;ClBz_12345;ClBz_1245;ClBz_12;ClBz_14,
b3lyp_smd,eff_dG_2e_HDH_kcal,all,12,-0.3714,-84.5079,-0.6403,0.41,0.0249,57.7661,4.8138,2.194,2.5178,0.2231,,BrBz_1;BrBz_14;BrBz_13;BrBz_124;BrBz_135;BrBz_1245;BrBz_123456;ClBz_123456;ClBz_12345;ClBz_1245;ClBz_12;ClBz_14,
b3lyp_smd,eff_dG_1e_kcal,all,12,-0.4612,-33.8345,-0.6349,0.4031,0.0265,58.4387,4.8699,2.2068,2.5217,0.2207,,BrBz_1;BrBz_14;BrBz_13;BrBz_124;BrBz_135;BrBz_1245;BrBz_123456;ClBz_123456;ClBz_12345;ClBz_1245;ClBz_12;ClBz_14,
b3lyp_smd,eff_dG_frag_any_kcal,all,12,0.229,-0.9604,0.6285,0.3951,0.0286,59.2293,4.9358,2.2217,7.2015,-5.3561,,BrBz_1;BrBz_14;BrBz_13;BrBz_124;BrBz_135;BrBz_1245;BrBz_123456;ClBz_123456;ClBz_12345;ClBz_1245;ClBz_12;ClBz_14,
b3lyp_smd,min_dG_2e_HDH_kcal,all,12,-0.3784,-85.8482,-0.6199,0.3842,0.0316,60.29,5.0242,2.2415,2.5807,0.1838,,BrBz_1;BrBz_14;BrBz_13;BrBz_124;BrBz_135;BrBz_1245;BrBz_123456;ClBz_123456;ClBz_12345;ClBz_1245;ClBz_12;ClBz_14,
b3lyp_smd,min_wiberg_CX_parent,all,12,102.3754,-109.4558,0.6145,0.3776,0.0335,60.9445,5.0787,2.2536,2.5734,0.1884,,BrBz_1;BrBz_14;BrBz_13;BrBz_124;BrBz_135;BrBz_1245;BrBz_123456;ClBz_123456;ClBz_12345;ClBz_1245;ClBz_12;ClBz_14,
b3lyp_smd,min_dG_1e_kcal,all,12,-0.4645,-33.8091,-0.6055,0.3666,0.037,62.0195,5.1683,2.2734,2.619,0.1594,,BrBz_1;BrBz_14;BrBz_13;BrBz_124;BrBz_135;BrBz_1245;BrBz_123456;ClBz_123456;ClBz_12345;ClBz_1245;ClBz_12;ClBz_14,
b3lyp_smd,min_dG0_act_concerted_kcal,all,12,-0.7364,17.653,-0.5493,0.3017,0.0643,68.371,5.6976,2.387,2.7795,0.0532,0.436,BrBz_1;BrBz_14;BrBz_13;BrBz_124;BrBz_135;BrBz_1245;BrBz_123456;ClBz_123456;ClBz_12345;ClBz_1245;ClBz_12;ClBz_14,
b3lyp_smd,max_spin_RA_X,all,4,14.892,-3.9151,0.5246,0.2752,0.4754,38.968,9.742,3.1212,6.6412,-2.2814,,BrBz_123456;ClBz_123456;ClBz_12345;ClBz_14,
b3lyp_smd,max_fplus_CX,all,12,20.6056,-5.501,0.4979,0.2479,0.0995,73.6393,6.1366,2.4772,3.5503,-0.5448,,BrBz_1;BrBz_14;BrBz_13;BrBz_124;BrBz_135;BrBz_1245;BrBz_123456;ClBz_123456;ClBz_12345;ClBz_1245;ClBz_12;ClBz_14,
b3lyp_smd,max_spin_vA_X,all,12,15.4933,-2.923,0.4691,0.2201,0.1239,76.3655,6.3638,2.5227,4.2176,-1.1801,,BrBz_1;BrBz_14;BrBz_13;BrBz_124;BrBz_135;BrBz_1245;BrBz_123456;ClBz_123456;ClBz_12345;ClBz_1245;ClBz_12;ClBz_14,
b3lyp_smd,lambda_i_kcal,all,4,0.0467,-3.558,0.4253,0.1809,0.5747,44.0397,11.0099,3.3181,6.8138,-2.4542,,BrBz_123456;ClBz_123456;ClBz_12345;ClBz_14,
b3lyp_smd,min_BDE_kcal,all,12,-0.147,9.4834,-0.4002,0.1602,0.1974,82.2309,6.8526,2.6177,3.1322,-0.2024,,BrBz_1;BrBz_14;BrBz_13;BrBz_124;BrBz_135;BrBz_1245;BrBz_123456;ClBz_123456;ClBz_12345;ClBz_1245;ClBz_12;ClBz_14,
b3lyp_smd,dipole_D,all,12,-0.7767,-1.0981,-0.3678,0.1353,0.2395,84.6651,7.0554,2.6562,3.1224,-0.1949,,BrBz_1;BrBz_14;BrBz_13;BrBz_124;BrBz_135;BrBz_1245;BrBz_123456;ClBz_123456;ClBz_12345;ClBz_1245;ClBz_12;ClBz_14,
b3lyp_smd,eff_dG_RA_2e_any_kcal,all,12,-0.0871,-10.7508,-0.2975,0.0885,0.3476,89.2443,7.437,2.7271,3.5623,-0.5553,,BrBz_1;BrBz_14;BrBz_13;BrBz_124;BrBz_135;BrBz_1245;BrBz_123456;ClBz_123456;ClBz_12345;ClBz_1245;ClBz_12;ClBz_14,
b3lyp_smd,min_dG_RA_2e_any_kcal,all,12,-0.0823,-10.2169,-0.2772,0.0768,0.3831,90.3888,7.5324,2.7445,3.5951,-0.5841,,BrBz_1;BrBz_14;BrBz_13;BrBz_124;BrBz_135;BrBz_1245;BrBz_123456;ClBz_123456;ClBz_12345;ClBz_1245;ClBz_12;ClBz_14,
b3lyp_smd,max_dr_CX_RA_A,all,12,-0.3292,-1.6612,-0.163,0.0266,0.6128,95.3115,7.9426,2.8183,3.2173,-0.2686,,BrBz_1;BrBz_14;BrBz_13;BrBz_124;BrBz_135;BrBz_1245;BrBz_123456;ClBz_123456;ClBz_12345;ClBz_1245;ClBz_12;ClBz_14,
m062x_gas,max_qCM5_X,bromobenzene,7,147.6355,-1.1212,0.9777,0.9559,0.0001,2.528,0.3611,0.6009,0.8611,0.9095,,BrBz_1;BrBz_14;BrBz_13;BrBz_124;BrBz_135;BrBz_1245;BrBz_123456,3.406
m062x_gas,eff_dG_rad_red_kcal,bromobenzene,7,-0.1835,-10.0746,-0.9688,0.9387,0.0003,3.5167,0.5024,0.7088,1.1036,0.8513,,BrBz_1;BrBz_14;BrBz_13;BrBz_124;BrBz_135;BrBz_1245;BrBz_123456,2.382
m062x_gas,eff_dG_RA_2e_any_kcal,bromobenzene,7,-0.3341,-13.7416,-0.9683,0.9376,0.0003,3.5806,0.5115,0.7152,0.9357,0.8931,,BrBz_1;BrBz_14;BrBz_13;BrBz_124;BrBz_135;BrBz_1245;BrBz_123456,3.521
m062x_gas,min_dG_rad_red_kcal,bromobenzene,7,-0.1867,-10.1339,-0.9683,0.9375,0.0003,3.5831,0.5119,0.7155,1.097,0.8531,,BrBz_1;BrBz_14;BrBz_13;BrBz_124;BrBz_135;BrBz_1245;BrBz_123456,2.408
m062x_gas,min_dG_RA_2e_any_kcal,bromobenzene,7,-0.3432,-13.9074,-0.9647,0.9306,0.0004,3.9811,0.5687,0.7541,0.9687,0.8854,,BrBz_1;BrBz_14;BrBz_13;BrBz_124;BrBz_135;BrBz_1245;BrBz_123456,3.58
m062x_gas,min_dG_frag_any_kcal,bromobenzene,7,0.3972,-5.5115,0.9579,0.9175,0.0007,4.7302,0.6757,0.822,1.5191,0.7183,,BrBz_1;BrBz_14;BrBz_13;BrBz_124;BrBz_135;BrBz_1245;BrBz_123456,1.908
m062x_gas,eff_dG_frag_any_kcal,bromobenzene,7,0.415,-5.4721,0.9578,0.9174,0.0007,4.7337,0.6762,0.8223,1.5225,0.717,,BrBz_1;BrBz_14;BrBz_13;BrBz_124;BrBz_135;BrBz_1245;BrBz_123456,2.002
m062x_gas,eff_dG_2e_carbanion_kcal,bromobenzene,7,-0.1554,-10.4461,-0.9572,0.9162,0.0007,4.8073,0.6868,0.8287,1.441,0.7465,,BrBz_1;BrBz_14;BrBz_13;BrBz_124;BrBz_135;BrBz_1245;BrBz_123456,1.194
m062x_gas,min_dG_2e_carbanion_kcal,bromobenzene,7,-0.1578,-10.5053,-0.9567,0.9152,0.0007,4.8604,0.6943,0.8333,1.4322,0.7496,,BrBz_1;BrBz_14;BrBz_13;BrBz_124;BrBz_135;BrBz_1245;BrBz_123456,1.225
m062x_gas,radius_A,bromobenzene,7,13.3093,-44.0704,0.9487,0.9,0.0011,5.7331,0.819,0.905,1.5958,0.6891,,BrBz_1;BrBz_14;BrBz_13;BrBz_124;BrBz_135;BrBz_1245;BrBz_123456,1.495
m062x_gas,polar_iso_A3,bromobenzene,7,0.606,-12.8352,0.9371,0.8782,0.0018,6.9819,0.9974,0.9987,1.8745,0.571,,BrBz_1;BrBz_14;BrBz_13;BrBz_124;BrBz_135;BrBz_1245;BrBz_123456,1.589
m062x_gas,dG_ET_any_kcal,bromobenzene,7,-0.2803,-7.3735,-0.9307,0.8662,0.0023,7.672,1.096,1.0469,2.2133,0.402,,BrBz_1;BrBz_14;BrBz_13;BrBz_124;BrBz_135;BrBz_1245;BrBz_123456,2.422
m062x_gas,n_X,bromobenzene,7,1.7556,-6.915,0.9274,0.8601,0.0026,8.0218,1.146,1.0705,2.084,0.4698,,BrBz_1;BrBz_14;BrBz_13;BrBz_124;BrBz_135;BrBz_1245;BrBz_123456,2.545
m062x_gas,min_wiberg_CX_parent,bromobenzene,7,327.7144,-346.2257,0.9264,0.8583,0.0027,8.1277,1.1611,1.0775,1.7791,0.6136,,BrBz_1;BrBz_14;BrBz_13;BrBz_124;BrBz_135;BrBz_1245;BrBz_123456,8.373
m062x_gas,mu_Koopmans_eV,bromobenzene,7,-8.9852,-41.9391,-0.9017,0.813,0.0055,10.723,1.5319,1.2377,2.473,0.2534,,BrBz_1;BrBz_14;BrBz_13;BrBz_124;BrBz_135;BrBz_1245;BrBz_123456,1.868
m062x_gas,VEA_eV,bromobenzene,7,4.3418,-0.4137,0.8961,0.8029,0.0063,11.301,1.6144,1.2706,2.0491,0.4874,,BrBz_1;BrBz_14;BrBz_13;BrBz_124;BrBz_135;BrBz_1245;BrBz_123456,1.786
m062x_gas,eff_dG_2e_HDH_kcal,bromobenzene,7,-0.6976,-298.4649,-0.8935,0.7983,0.0067,11.5652,1.6522,1.2854,2.5696,0.1939,,BrBz_1;BrBz_14;BrBz_13;BrBz_124;BrBz_135;BrBz_1245;BrBz_123456,5.389
m062x_gas,min_dG_2e_HDH_kcal,bromobenzene,7,-0.7524,-321.3947,-0.8862,0.7853,0.0079,12.3114,1.7588,1.3262,2.7153,0.0999,,BrBz_1;BrBz_14;BrBz_13;BrBz_124;BrBz_135;BrBz_1245;BrBz_123456,5.952
m062x_gas,mu_dSCF_eV,bromobenzene,7,-7.967,-37.3368,-0.8818,0.7776,0.0086,12.7529,1.8218,1.3498,1.9183,0.5507,,BrBz_1;BrBz_14;BrBz_13;BrBz_124;BrBz_135;BrBz_1245;BrBz_123456,1.934
m062x_gas,eta_dSCF_eV,bromobenzene,7,-4.3683,39.9732,-0.8736,0.7632,0.0102,13.5772,1.9396,1.3927,2.0905,0.4665,,BrBz_1;BrBz_14;BrBz_13;BrBz_124;BrBz_135;BrBz_1245;BrBz_123456,1.954
m062x_gas,omega_dSCF_eV,bromobenzene,7,11.173,-13.6175,0.8734,0.7629,0.0102,13.5962,1.9423,1.3937,2.4961,0.2394,,BrBz_1;BrBz_14;BrBz_13;BrBz_124;BrBz_135;BrBz_1245;BrBz_123456,1.785
m062x_gas,LUMO_eV,bromobenzene,7,-5.4215,-4.9087,-0.8711,0.7588,0.0107,13.8273,1.9753,1.4055,3.4627,-0.4638,,BrBz_1;BrBz_14;BrBz_13;BrBz_124;BrBz_135;BrBz_1245;BrBz_123456,1.78
m062x_gas,omega_Koopmans_eV,bromobenzene,7,10.0077,-14.7681,0.8526,0.727,0.0148,15.6546,2.2364,1.4954,4.0773,-1.0295,,BrBz_1;BrBz_14;BrBz_13;BrBz_124;BrBz_135;BrBz_1245;BrBz_123456,1.785
m062x_gas,eff_dG_1e_kcal,bromobenzene,7,-0.8021,-10.6438,-0.8401,0.7057,0.018,16.8733,2.4105,1.5526,4.5179,-1.4918,,BrBz_1;BrBz_14;BrBz_13;BrBz_124;BrBz_135;BrBz_1245;BrBz_123456,7.6
m062x_gas,min_dG_1e_kcal,bromobenzene,7,-0.8664,-10.9226,-0.8226,0.6766,0.0231,18.5427,2.649,1.6276,5.0637,-2.1303,,BrBz_1;BrBz_14;BrBz_13;BrBz_124;BrBz_135;BrBz_1245;BrBz_123456,8.359
m062x_gas,min_BDE_kcal,bromobenzene,7,-1.0139,74.5381,-0.7993,0.6389,0.031,20.7035,2.9576,1.7198,5.0328,-2.0922,,BrBz_1;BrBz_14;BrBz_13;BrBz_124;BrBz_135;BrBz_1245;BrBz_123456,17.198
m062x_gas,eta_Koopmans_eV,bromobenzene,7,-5.519,41.2132,-0.739,0.5461,0.0577,26.0252,3.7179,1.9282,2.6611,0.1355,,BrBz_1;BrBz_14;BrBz_13;BrBz_124;BrBz_135;BrBz_1245;BrBz_123456,2.384
m062x_gas,gap_eV,bromobenzene,7,-5.519,41.2132,-0.739,0.5461,0.0577,26.0252,3.7179,1.9282,2.6611,0.1355,,BrBz_1;BrBz_14;BrBz_13;BrBz_124;BrBz_135;BrBz_1245;BrBz_123456,2.384
m062x_gas,HOMO_eV,bromobenzene,7,-12.4581,-105.8904,-0.7147,0.5108,0.0711,28.0517,4.0074,2.0018,2.939,-0.0545,,BrBz_1;BrBz_14;BrBz_13;BrBz_124;BrBz_135;BrBz_1245;BrBz_123456,2.816
m062x_gas,LUMO_RA_eV,bromobenzene,7,-5.7594,10.3861,-0.664,0.4408,0.1039,32.0616,4.5802,2.1401,3.3533,-0.3728,,BrBz_1;BrBz_14;BrBz_13;BrBz_124;BrBz_135;BrBz_1245;BrBz_123456,3.101
m062x_gas,dipole_D,bromobenzene,7,-2.1679,-0.1199,-0.633,0.4007,0.127,34.3646,4.9092,2.2157,3.0513,-0.1366,,BrBz_1;BrBz_14;BrBz_13;BrBz_124;BrBz_135;BrBz_1245;BrBz_123456,3.451
m062x_gas,max_dr_CX_RA_A,bromobenzene,7,-2.4631,-0.7542,-0.3369,0.1135,0.4599,50.8302,7.2615,2.6947,4.0428,-0.9953,,BrBz_1;BrBz_14;BrBz_13;BrBz_124;BrBz_135;BrBz_1245;BrBz_123456,2.968
m062x_gas,max_spin_vA_X,bromobenzene,7,-8.076,-0.8817,-0.316,0.0998,0.49,51.6149,7.3736,2.7154,4.52,-1.4942,,BrBz_1;BrBz_14;BrBz_13;BrBz_124;BrBz_135;BrBz_1245;BrBz_123456,3.155
m062x_gas,VIE_eV,bromobenzene,7,5.4194,-51.7433,0.236,0.0557,0.6105,54.1461,7.7352,2.7812,3.4179,-0.4262,,BrBz_1;BrBz_14;BrBz_13;BrBz_124;BrBz_135;BrBz_1245;BrBz_123456,2.715
m062x_gas,max_fplus_CX,bromobenzene,7,-2.663,-1.1421,-0.081,0.0066,0.8629,56.9621,8.1374,2.8526,5.0489,-2.112,,BrBz_1;BrBz_14;BrBz_13;BrBz_124;BrBz_135;BrBz_1245;BrBz_123456,2.957
m062x_gas,min_wiberg_CX_parent,chlorobenzene,5,262.5113,-284.4669,0.983,0.9664,0.0026,1.325,0.265,0.5148,0.8813,0.9014,,ClBz_123456;ClBz_12345;ClBz_1245;ClBz_12;ClBz_14,
m062x_gas,eff_dG_RA_2e_kcal,chlorobenzene,4,-0.665,-32.2631,-0.9656,0.9324,0.0344,2.6,0.65,0.8062,1.8211,0.655,,ClBz_123456;ClBz_12345;ClBz_1245;ClBz_14,
m062x_gas,eff_dG_2e_HDH_kcal,chlorobenzene,5,-1.0047,-421.3181,-0.9467,0.8962,0.0147,4.0876,0.8175,0.9042,1.5661,0.6886,,ClBz_123456;ClBz_12345;ClBz_1245;ClBz_12;ClBz_14,
m062x_gas,min_dG_2e_HDH_kcal,chlorobenzene,5,-1.0933,-457.5335,-0.9431,0.8894,0.0162,4.3542,0.8708,0.9332,1.5902,0.6789,,ClBz_123456;ClBz_12345;ClBz_1245;ClBz_12;ClBz_14,
m062x_gas,min_dG_RA_2e_kcal,chlorobenzene,4,-0.6648,-31.8564,-0.9422,0.8877,0.0578,4.3196,1.0799,1.0392,1.7102,0.6957,,ClBz_123456;ClBz_12345;ClBz_1245;ClBz_14,
m062x_gas,eff_dG_1e_kcal,chlorobenzene,5,-1.5431,-4.0636,-0.941,0.8854,0.0171,4.5127,0.9025,0.95,1.6533,0.6529,,ClBz_123456;ClBz_12345;ClBz_1245;ClBz_12;ClBz_14,
m062x_gas,HOMO_eV,chlorobenzene,5,-15.3621,-133.2164,-0.9309,0.8666,0.0216,5.2549,1.051,1.0252,1.6854,0.6393,,ClBz_123456;ClBz_12345;ClBz_1245;ClBz_12;ClBz_14,
m062x_gas,dG_ET_kcal,chlorobenzene,4,-0.2349,-4.9371,-0.9271,0.8596,0.0729,5.3992,1.3498,1.1618,2.3817,0.4099,,ClBz_123456;ClBz_12345;ClBz_1245;ClBz_14,
m062x_gas,min_dG_1e_kcal,chlorobenzene,5,-1.7207,-3.1692,-0.9255,0.8565,0.0241,5.6494,1.1299,1.063,1.7432,0.6142,,ClBz_123456;ClBz_12345;ClBz_1245;ClBz_12;ClBz_14,
m062x_gas,dG_ET_any_kcal,chlorobenzene,5,-0.2284,-4.7294,-0.924,0.8538,0.0248,5.7556,1.1511,1.0729,1.8246,0.5773,,ClBz_123456;ClBz_12345;ClBz_1245;ClBz_12;ClBz_14,
m062x_gas,min_dG_frag_kcal,chlorobenzene,4,0.2683,-5.14,0.9232,0.8524,0.0768,5.6768,1.4192,1.1913,2.474,0.3633,,ClBz_123456;ClBz_12345;ClBz_1245;ClBz_14,
m062x_gas,min_dG_frag_any_kcal,chlorobenzene,5,0.2621,-4.9546,0.9213,0.8488,0.0262,5.9534,1.1907,1.0912,1.8732,0.5545,,ClBz_123456;ClBz_12345;ClBz_1245;ClBz_12;ClBz_14,
m062x_gas,AEA_elec_eV,chlorobenzene,4,5.1111,-3.8834,0.9189,0.8444,0.0811,5.9826,1.4957,1.223,2.5426,0.3275,,ClBz_123456;ClBz_12345;ClBz_1245;ClBz_14,
m062x_gas,eff_dG_frag_kcal,chlorobenzene,4,0.2702,-4.973,0.9159,0.8388,0.0841,6.1964,1.5491,1.2446,2.6252,0.283,,ClBz_123456;ClBz_12345;ClBz_1245;ClBz_14,
m062x_gas,eff_dG_frag_any_kcal,chlorobenzene,5,0.2646,-4.8117,0.9149,0.837,0.0294,6.4175,1.2835,1.1329,1.9627,0.5108,,ClBz_123456;ClBz_12345;ClBz_1245;ClBz_12;ClBz_14,
m062x_gas,VIE_eV,chlorobenzene,5,24.6386,-233.6694,0.9139,0.8353,0.0299,6.4857,1.2971,1.1389,1.8204,0.5792,,ClBz_123456;ClBz_12345;ClBz_1245;ClBz_12;ClBz_14,
m062x_gas,eff_dG_2e_carbanion_kcal,chlorobenzene,5,-0.1552,-10.6841,-0.9092,0.8266,0.0324,6.8266,1.3653,1.1685,2.0662,0.4579,,ClBz_123456;ClBz_12345;ClBz_1245;ClBz_12;ClBz_14,
m062x_gas,max_qCM5_X,chlorobenzene,5,140.4124,1.8527,0.9051,0.8191,0.0346,7.1227,1.4245,1.1935,2.1551,0.4102,,ClBz_123456;ClBz_12345;ClBz_1245;ClBz_12;ClBz_14,
m062x_gas,eff_dG_rad_red_kcal,chlorobenzene,5,-0.1694,-11.3661,-0.9044,0.818,0.035,7.1682,1.4336,1.1973,2.1337,0.4219,,ClBz_123456;ClBz_12345;ClBz_1245;ClBz_12;ClBz_14,
m062x_gas,min_dG_2e_carbanion_kcal,chlorobenzene,5,-0.1553,-10.6008,-0.9035,0.8162,0.0355,7.2366,1.4473,1.203,2.1364,0.4205,,ClBz_123456;ClBz_12345;ClBz_1245;ClBz_12;ClBz_14,
m062x_gas,min_dG_rad_red_kcal,chlorobenzene,5,-0.1698,-11.2895,-0.8988,0.8079,0.038,7.5657,1.5131,1.2301,2.2009,0.3849,,ClBz_123456;ClBz_12345;ClBz_1245;ClBz_12;ClBz_14,
m062x_gas,mu_dSCF_eV,chlorobenzene,5,-9.7391,-46.7727,-0.8829,0.7796,0.0472,8.6789,1.7358,1.3175,2.3827,0.2791,,ClBz_123456;ClBz_12345;ClBz_1245;ClBz_12;ClBz_14,
m062x_gas,mu_Koopmans_eV,chlorobenzene,5,-10.2224,-48.8532,-0.8809,0.776,0.0484,8.819,1.7638,1.3281,2.4209,0.2558,,ClBz_123456;ClBz_12345;ClBz_1245;ClBz_12;ClBz_14,
m062x_gas,n_X,chlorobenzene,5,1.5249,-8.0827,0.8694,0.7558,0.0555,9.6145,1.9229,1.3867,2.4497,0.238,,ClBz_123456;ClBz_12345;ClBz_1245;ClBz_12;ClBz_14,
m062x_gas,radius_A,chlorobenzene,5,14.1798,-47.3348,0.8664,0.7507,0.0574,9.8179,1.9636,1.4013,2.5194,0.1941,,ClBz_123456;ClBz_12345;ClBz_1245;ClBz_12;ClBz_14,
m062x_gas,omega_dSCF_eV,chlorobenzene,5,15.4838,-19.1687,0.8632,0.7451,0.0595,10.0372,2.0074,1.4168,2.6103,0.1348,,ClBz_123456;ClBz_12345;ClBz_1245;ClBz_12;ClBz_14,
m062x_gas,polar_iso_A3,chlorobenzene,5,0.7858,-15.4047,0.8614,0.742,0.0607,10.1605,2.0321,1.4255,2.5457,0.1771,,ClBz_123456;ClBz_12345;ClBz_1245;ClBz_12;ClBz_14,
m062x_gas,omega_Koopmans_eV,chlorobenzene,5,14.5198,-21.3759,0.8504,0.7232,0.0679,10.9013,2.1803,1.4766,2.7728,0.0237,,ClBz_123456;ClBz_12345;ClBz_1245;ClBz_12;ClBz_14,
m062x_gas,min_BDE_kcal,chlorobenzene,5,-1.8058,165.0,-0.8433,0.7111,0.0727,11.3744,2.2749,1.5083,2.652,0.107,,ClBz_123456;ClBz_12345;ClBz_1245;ClBz_12;ClBz_14,
m062x_gas,VEA_eV,chlorobenzene,5,5.5776,-0.8626,0.8388,0.7036,0.0758,11.6701,2.334,1.5277,2.89,-0.0605,,ClBz_123456;ClBz_12345;ClBz_1245;ClBz_12;ClBz_14,
m062x_gas,LUMO_eV,chlorobenzene,5,-7.0687,-6.4404,-0.8214,0.6747,0.0881,12.8105,2.5621,1.6007,3.0685,-0.1956,,ClBz_123456;ClBz_12345;ClBz_1245;ClBz_12;ClBz_14,
m062x_gas,eff_dG_RA_2e_any_kcal,chlorobenzene,5,-0.3889,-19.1677,-0.7857,0.6173,0.1152,15.068,3.0136,1.736,3.4134,-0.4795,,ClBz_123456;ClBz_12345;ClBz_1245;ClBz_12;ClBz_14,
m062x_gas,min_dG_RA_2e_any_kcal,chlorobenzene,5,-0.3883,-18.9253,-0.7678,0.5895,0.1295,16.1643,3.2329,1.798,3.4667,-0.526,,ClBz_123456;ClBz_12345;ClBz_1245;ClBz_12;ClBz_14,
m062x_gas,eta_dSCF_eV,chlorobenzene,5,-6.0975,56.532,-0.75,0.5625,0.1443,17.2271,3.4454,1.8562,3.7315,-0.7681,,ClBz_123456;ClBz_12345;ClBz_1245;ClBz_12;ClBz_14,
m062x_gas,max_spin_vA_X,chlorobenzene,5,88.2305,-5.0973,0.7086,0.5021,0.1804,19.608,3.9216,1.9803,3.368,-0.4404,,ClBz_123456;ClBz_12345;ClBz_1245;ClBz_12;ClBz_14,
m062x_gas,max_fplus_CX,chlorobenzene,5,47.2572,-10.9637,0.6904,0.4767,0.1969,20.6068,4.1214,2.0301,3.489,-0.5457,,ClBz_123456;ClBz_12345;ClBz_1245;ClBz_12;ClBz_14,
m062x_gas,eta_Koopmans_eV,chlorobenzene,5,-8.4422,64.7026,-0.5732,0.3285,0.3124,26.4401,5.288,2.2996,4.5599,-1.6402,,ClBz_123456;ClBz_12345;ClBz_1245;ClBz_12;ClBz_14,
m062x_gas,gap_eV,chlorobenzene,5,-8.4422,64.7026,-0.5732,0.3285,0.3124,26.4401,5.288,2.2996,4.5599,-1.6402,,ClBz_123456;ClBz_12345;ClBz_1245;ClBz_12;ClBz_14,
m062x_gas,LUMO_RA_eV,chlorobenzene,5,-3.665,6.9422,-0.5515,0.3041,0.3352,27.4011,5.4802,2.341,4.2298,-1.2717,,ClBz_123456;ClBz_12345;ClBz_1245;ClBz_12;ClBz_14,
m062x_gas,lambda_i_kcal,chlorobenzene,3,0.0611,-5.2839,0.5394,0.291,0.6373,14.8138,4.9379,2.2221,25.6418,-93.4115,,ClBz_12345;ClBz_1245;ClBz_14,
m062x_gas,max_spin_RA_X,chlorobenzene,3,8.1219,-4.4416,0.4909,0.241,0.6733,15.8578,5.2859,2.2991,54.9851,-433.1285,,ClBz_12345;ClBz_1245;ClBz_14,
m062x_gas,dipole_D,chlorobenzene,5,-0.314,-2.0627,-0.1171,0.0137,0.8512,38.8371,7.7674,2.787,4.1256,-1.1612,,ClBz_123456;ClBz_12345;ClBz_1245;ClBz_12;ClBz_14,
m062x_gas,max_dr_CX_RA_A,chlorobenzene,5,-0.6263,-2.1029,-0.0691,0.0048,0.9121,39.1895,7.8379,2.7996,4.2072,-1.2476,,ClBz_123456;ClBz_12345;ClBz_1245;ClBz_12;ClBz_14,
m062x_gas,eff_dG_RA_2e_kcal,halobenzene,5,-0.7212,-34.5439,-0.9587,0.9191,0.01,4.3506,0.8701,0.9328,2.4564,0.4389,,BrBz_123456;ClBz_123456;ClBz_12345;ClBz_1245;ClBz_14,
m062x_gas,eff_dG_2e_carbanion_kcal,halobenzene,12,-0.1558,-10.574,-0.9378,0.8794,0.0,11.8102,0.9842,0.9921,1.2168,0.8185,,BrBz_1;BrBz_14;BrBz_13;BrBz_124;BrBz_135;BrBz_1245;BrBz_123456;ClBz_123456;ClBz_12345;ClBz_1245;ClBz_12;ClBz_14,
m062x_gas,AEA_elec_eV,halobenzene,5,4.6216,-3.8487,0.936,0.876,0.0193,6.665,1.333,1.1546,2.0491,0.6095,,BrBz_123456;ClBz_123456;ClBz_12345;ClBz_1245;ClBz_14,
m062x_gas,min_dG_2e_carbanion_kcal,halobenzene,12,-0.1573,-10.5755,-0.9353,0.8748,0.0,12.2558,1.0213,1.0106,1.2345,0.8132,,BrBz_1;BrBz_14;BrBz_13;BrBz_124;BrBz_135;BrBz_1245;BrBz_123456;ClBz_123456;ClBz_12345;ClBz_1245;ClBz_12;ClBz_14,
m062x_gas,min_dG_RA_2e_kcal,halobenzene,5,-0.729,-34.3998,-0.9339,0.8721,0.0202,6.8763,1.3753,1.1727,1.9391,0.6503,,BrBz_123456;ClBz_123456;ClBz_12345;ClBz_1245;ClBz_14,
m062x_gas,min_dG_frag_kcal,halobenzene,5,0.2905,-5.1676,0.9334,0.8712,0.0204,6.9226,1.3845,1.1767,1.8806,0.6711,,BrBz_123456;ClBz_123456;ClBz_12345;ClBz_1245;ClBz_14,
m062x_gas,dG_ET_kcal,halobenzene,5,-0.1976,-4.687,-0.932,0.8686,0.0211,7.0665,1.4133,1.1888,2.2147,0.5439,,BrBz_123456;ClBz_123456;ClBz_12345;ClBz_1245;ClBz_14,
m062x_gas,eff_dG_frag_kcal,halobenzene,5,0.2937,-4.985,0.9267,0.8587,0.0236,7.5974,1.5195,1.2327,2.0112,0.6238,,BrBz_123456;ClBz_123456;ClBz_12345;ClBz_1245;ClBz_14,
m062x_gas,min_dG_frag_any_kcal,halobenzene,12,0.3158,-5.0449,0.9142,0.8357,0.0,16.0828,1.3402,1.1577,1.3718,0.7694,,BrBz_1;BrBz_14;BrBz_13;BrBz_124;BrBz_135;BrBz_1245;BrBz_123456;ClBz_123456;ClBz_12345;ClBz_1245;ClBz_12;ClBz_14,
m062x_gas,radius_A,halobenzene,12,13.6363,-45.319,0.9127,0.8331,0.0,16.3412,1.3618,1.1669,1.424,0.7515,,BrBz_1;BrBz_14;BrBz_13;BrBz_124;BrBz_135;BrBz_1245;BrBz_123456;ClBz_123456;ClBz_12345;ClBz_1245;ClBz_12;ClBz_14,
m062x_gas,eff_dG_frag_any_kcal,halobenzene,12,0.3229,-4.9336,0.9093,0.8269,0.0,16.9533,1.4128,1.1886,1.4145,0.7548,,BrBz_1;BrBz_14;BrBz_13;BrBz_124;BrBz_135;BrBz_1245;BrBz_123456;ClBz_123456;ClBz_12345;ClBz_1245;ClBz_12;ClBz_14,
m062x_gas,polar_iso_A3,halobenzene,12,0.6384,-13.2298,0.8977,0.8058,0.0001,19.014,1.5845,1.2588,1.7429,0.6277,,BrBz_1;BrBz_14;BrBz_13;BrBz_124;BrBz_135;BrBz_1245;BrBz_123456;ClBz_123456;ClBz_12345;ClBz_1245;ClBz_12;ClBz_14,
m062x_gas,eff_dG_rad_red_kcal,halobenzene,12,-0.1622,-9.8804,-0.8815,0.777,0.0002,21.8311,1.8193,1.3488,1.5998,0.6863,,BrBz_1;BrBz_14;BrBz_13;BrBz_124;BrBz_135;BrBz_1245;BrBz_123456;ClBz_123456;ClBz_12345;ClBz_1245;ClBz_12;ClBz_14,
m062x_gas,min_dG_rad_red_kcal,halobenzene,12,-0.1639,-9.8822,-0.8787,0.772,0.0002,22.3194,1.8599,1.3638,1.626,0.6759,,BrBz_1;BrBz_14;BrBz_13;BrBz_124;BrBz_135;BrBz_1245;BrBz_123456;ClBz_123456;ClBz_12345;ClBz_1245;ClBz_12;ClBz_14,
m062x_gas,dG_ET_any_kcal,halobenzene,12,-0.2206,-5.5249,-0.8784,0.7717,0.0002,22.3566,1.863,1.3649,1.5885,0.6907,,BrBz_1;BrBz_14;BrBz_13;BrBz_124;BrBz_135;BrBz_1245;BrBz_123456;ClBz_123456;ClBz_12345;ClBz_1245;ClBz_12;ClBz_14,
m062x_gas,mu_Koopmans_eV,halobenzene,12,-9.0946,-42.9657,-0.8644,0.7472,0.0003,24.7479,2.0623,1.4361,1.6864,0.6515,,BrBz_1;BrBz_14;BrBz_13;BrBz_124;BrBz_135;BrBz_1245;BrBz_123456;ClBz_123456;ClBz_12345;ClBz_1245;ClBz_12;ClBz_14,
m062x_gas,VEA_eV,halobenzene,12,4.6527,-0.6477,0.8587,0.7374,0.0003,25.7149,2.1429,1.4639,1.7841,0.6099,,BrBz_1;BrBz_14;BrBz_13;BrBz_124;BrBz_135;BrBz_1245;BrBz_123456;ClBz_123456;ClBz_12345;ClBz_1245;ClBz_12;ClBz_14,
m062x_gas,omega_dSCF_eV,halobenzene,12,12.1873,-15.0669,0.8478,0.7188,0.0005,27.5352,2.2946,1.5148,1.8739,0.5696,,BrBz_1;BrBz_14;BrBz_13;BrBz_124;BrBz_135;BrBz_1245;BrBz_123456;ClBz_123456;ClBz_12345;ClBz_1245;ClBz_12;ClBz_14,
m062x_gas,mu_dSCF_eV,halobenzene,12,-8.1855,-38.8824,-0.8471,0.7176,0.0005,27.6476,2.304,1.5179,1.8033,0.6014,,BrBz_1;BrBz_14;BrBz_13;BrBz_124;BrBz_135;BrBz_1245;BrBz_123456;ClBz_123456;ClBz_12345;ClBz_1245;ClBz_12;ClBz_14,
m062x_gas,n_X,halobenzene,12,1.5037,-6.9273,0.8416,0.7082,0.0006,28.5668,2.3806,1.5429,1.7804,0.6115,,BrBz_1;BrBz_14;BrBz_13;BrBz_124;BrBz_135;BrBz_1245;BrBz_123456;ClBz_123456;ClBz_12345;ClBz_1245;ClBz_12;ClBz_14,
m062x_gas,LUMO_eV,halobenzene,12,-5.8681,-5.4097,-0.8413,0.7078,0.0006,28.6073,2.3839,1.544,2.0585,0.4807,,BrBz_1;BrBz_14;BrBz_13;BrBz_124;BrBz_135;BrBz_1245;BrBz_123456;ClBz_123456;ClBz_12345;ClBz_1245;ClBz_12;ClBz_14,
m062x_gas,max_qCM5_X,halobenzene,12,106.2703,-0.3877,0.8395,0.7048,0.0006,28.9021,2.4085,1.5519,1.7837,0.6101,,BrBz_1;BrBz_14;BrBz_13;BrBz_124;BrBz_135;BrBz_1245;BrBz_123456;ClBz_123456;ClBz_12345;ClBz_1245;ClBz_12;ClBz_14,
m062x_gas,omega_Koopmans_eV,halobenzene,12,11.1003,-16.4839,0.8329,0.6938,0.0008,29.9814,2.4985,1.5806,2.1703,0.4227,,BrBz_1;BrBz_14;BrBz_13;BrBz_124;BrBz_135;BrBz_1245;BrBz_123456;ClBz_123456;ClBz_12345;ClBz_1245;ClBz_12;ClBz_14,
m062x_gas,eta_dSCF_eV,halobenzene,12,-4.7343,43.4277,-0.819,0.6708,0.0011,32.2367,2.6864,1.639,2.0314,0.4942,,BrBz_1;BrBz_14;BrBz_13;BrBz_124;BrBz_135;BrBz_1245;BrBz_123456;ClBz_123456;ClBz_12345;ClBz_1245;ClBz_12;ClBz_14,
m062x_gas,eff_dG_RA_2e_any_kcal,halobenzene,12,-0.2645,-12.2844,-0.7532,0.5673,0.0047,42.3704,3.5309,1.8791,2.1204,0.449,,BrBz_1;BrBz_14;BrBz_13;BrBz_124;BrBz_135;BrBz_1245;BrBz_123456;ClBz_123456;ClBz_12345;ClBz_1245;ClBz_12;ClBz_14,
m062x_gas,min_dG_RA_2e_any_kcal,halobenzene,12,-0.2675,-12.2626,-0.7427,0.5516,0.0057,43.9001,3.6583,1.9127,2.1681,0.4239,,BrBz_1;BrBz_14;BrBz_13;BrBz_124;BrBz_135;BrBz_1245;BrBz_123456;ClBz_123456;ClBz_12345;ClBz_1245;ClBz_12;ClBz_14,
m062x_gas,HOMO_eV,halobenzene,12,-10.6067,-91.3524,-0.6811,0.4639,0.0148,52.4945,4.3745,2.0915,2.4109,0.2877,,BrBz_1;BrBz_14;BrBz_13;BrBz_124;BrBz_135;BrBz_1245;BrBz_123456;ClBz_123456;ClBz_12345;ClBz_1245;ClBz_12;ClBz_14,
m062x_gas,eta_Koopmans_eV,halobenzene,12,-5.8177,43.6764,-0.6685,0.4469,0.0175,54.1511,4.5126,2.1243,2.5472,0.2048,,BrBz_1;BrBz_14;BrBz_13;BrBz_124;BrBz_135;BrBz_1245;BrBz_123456;ClBz_123456;ClBz_12345;ClBz_1245;ClBz_12;ClBz_14,
m062x_gas,gap_eV,halobenzene,12,-5.8177,43.6764,-0.6685,0.4469,0.0175,54.1511,4.5126,2.1243,2.5472,0.2048,,BrBz_1;BrBz_14;BrBz_13;BrBz_124;BrBz_135;BrBz_1245;BrBz_123456;ClBz_123456;ClBz_12345;ClBz_1245;ClBz_12;ClBz_14,
m062x_gas,eff_dG_2e_HDH_kcal,halobenzene,12,-0.3457,-147.811,-0.6414,0.4114,0.0246,57.6295,4.8025,2.1915,2.5073,0.2295,,BrBz_1;BrBz_14;BrBz_13;BrBz_124;BrBz_135;BrBz_1245;BrBz_123456;ClBz_123456;ClBz_12345;ClBz_1245;ClBz_12;ClBz_14,
m062x_gas,min_dG_2e_HDH_kcal,halobenzene,12,-0.3332,-142.3122,-0.606,0.3672,0.0367,61.9578,5.1631,2.2723,2.614,0.1625,,BrBz_1;BrBz_14;BrBz_13;BrBz_124;BrBz_135;BrBz_1245;BrBz_123456;ClBz_123456;ClBz_12345;ClBz_1245;ClBz_12;ClBz_14,
m062x_gas,LUMO_RA_eV,halobenzene,12,-3.861,6.843,-0.5775,0.3335,0.0493,65.2559,5.438,2.3319,2.8864,-0.0211,,BrBz_1;BrBz_14;BrBz_13;BrBz_124;BrBz_135;BrBz_1245;BrBz_123456;ClBz_123456;ClBz_12345;ClBz_1245;ClBz_12;ClBz_14,
m062x_gas,min_wiberg_CX_parent,halobenzene,12,96.0634,-103.8605,0.4966,0.2466,0.1006,73.7704,6.1475,2.4794,2.8224,0.0237,,BrBz_1;BrBz_14;BrBz_13;BrBz_124;BrBz_135;BrBz_1245;BrBz_123456;ClBz_123456;ClBz_12345;ClBz_1245;ClBz_12;ClBz_14,
m062x_gas,eff_dG_1e_kcal,halobenzene,12,-0.2462,-3.6436,-0.4806,0.2309,0.1138,75.2996,6.275,2.505,2.9442,-0.0624,,BrBz_1;BrBz_14;BrBz_13;BrBz_124;BrBz_135;BrBz_1245;BrBz_123456;ClBz_123456;ClBz_12345;ClBz_1245;ClBz_12;ClBz_14,
m062x_gas,min_dG_1e_kcal,halobenzene,12,-0.2279,-3.3862,-0.4406,0.1941,0.1517,78.9057,6.5755,2.5643,3.0391,-0.132,,BrBz_1;BrBz_14;BrBz_13;BrBz_124;BrBz_135;BrBz_1245;BrBz_123456;ClBz_123456;ClBz_12345;ClBz_1245;ClBz_12;ClBz_14,
m062x_gas,dipole_D,halobenzene,12,-1.1905,-1.0691,-0.3874,0.1501,0.2134,83.2179,6.9348,2.6334,3.1048,-0.1814,,BrBz_1;BrBz_14;BrBz_13;BrBz_124;BrBz_135;BrBz_1245;BrBz_123456;ClBz_123456;ClBz_12345;ClBz_1245;ClBz_12;ClBz_14,
m062x_gas,VIE_eV,halobenzene,12,7.2916,-69.7633,0.3504,0.1228,0.2641,85.8876,7.1573,2.6753,3.1036,-0.1805,,BrBz_1;BrBz_14;BrBz_13;BrBz_124;BrBz_135;BrBz_1245;BrBz_123456;ClBz_123456;ClBz_12345;ClBz_1245;ClBz_12;ClBz_14,
m062x_gas,lambda_i_kcal,halobenzene,4,0.0478,-3.3909,0.2912,0.0848,0.7088,40.5317,10.1329,3.1832,14.961,-19.2167,,BrBz_123456;ClBz_12345;ClBz_1245;ClBz_14,
m062x_gas,min_BDE_kcal,halobenzene,12,-0.09,5.5015,-0.2783,0.0775,0.381,90.3262,7.5272,2.7436,3.3077,-0.3409,,BrBz_1;BrBz_14;BrBz_13;BrBz_124;BrBz_135;BrBz_1245;BrBz_123456;ClBz_123456;ClBz_12345;ClBz_1245;ClBz_12;ClBz_14,
m062x_gas,max_dr_CX_RA_A,halobenzene,12,-1.8005,-1.3116,-0.2276,0.0518,0.4768,92.839,7.7366,2.7815,3.3817,-0.4016,,BrBz_1;BrBz_14;BrBz_13;BrBz_124;BrBz_135;BrBz_1245;BrBz_123456;ClBz_123456;ClBz_12345;ClBz_1245;ClBz_12;ClBz_14,
m062x_gas,max_spin_RA_X,halobenzene,4,4.9329,-2.5219,0.2078,0.0432,0.7922,42.3732,10.5933,3.2547,20.6649,-37.5706,,BrBz_123456;ClBz_12345;ClBz_1245;ClBz_14,
m062x_gas,max_spin_vA_X,halobenzene,12,-3.6012,-1.6677,-0.1162,0.0135,0.7192,96.5903,8.0492,2.8371,5.0632,-2.1419,,BrBz_1;BrBz_14;BrBz_13;BrBz_124;BrBz_135;BrBz_1245;BrBz_123456;ClBz_123456;ClBz_12345;ClBz_1245;ClBz_12;ClBz_14,
m062x_gas,max_fplus_CX,halobenzene,12,4.3434,-2.7283,0.109,0.0119,0.736,96.7491,8.0624,2.8394,3.9972,-0.9582,,BrBz_1;BrBz_14;BrBz_13;BrBz_124;BrBz_135;BrBz_1245;BrBz_123456;ClBz_123456;ClBz_12345;ClBz_1245;ClBz_12;ClBz_14,
m062x_gas,eff_dG_RA_2e_kcal,all,5,-0.7212,-34.5439,-0.9587,0.9191,0.01,4.3506,0.8701,0.9328,2.4564,0.4389,,BrBz_123456;ClBz_123456;ClBz_12345;ClBz_1245;ClBz_14,
m062x_gas,eff_dG_2e_carbanion_kcal,all,12,-0.1558,-10.574,-0.9378,0.8794,0.0,11.8102,0.9842,0.9921,1.2168,0.8185,,BrBz_1;BrBz_14;BrBz_13;BrBz_124;BrBz_135;BrBz_1245;BrBz_123456;ClBz_123456;ClBz_12345;ClBz_1245;ClBz_12;ClBz_14,
m062x_gas,AEA_elec_eV,all,5,4.6216,-3.8487,0.936,0.876,0.0193,6.665,1.333,1.1546,2.0491,0.6095,,BrBz_123456;ClBz_123456;ClBz_12345;ClBz_1245;ClBz_14,
m062x_gas,min_dG_2e_carbanion_kcal,all,12,-0.1573,-10.5755,-0.9353,0.8748,0.0,12.2558,1.0213,1.0106,1.2345,0.8132,,BrBz_1;BrBz_14;BrBz_13;BrBz_124;BrBz_135;BrBz_1245;BrBz_123456;ClBz_123456;ClBz_12345;ClBz_1245;ClBz_12;ClBz_14,
m062x_gas,min_dG_RA_2e_kcal,all,5,-0.729,-34.3998,-0.9339,0.8721,0.0202,6.8763,1.3753,1.1727,1.9391,0.6503,,BrBz_123456;ClBz_123456;ClBz_12345;ClBz_1245;ClBz_14,
m062x_gas,min_dG_frag_kcal,all,5,0.2905,-5.1676,0.9334,0.8712,0.0204,6.9226,1.3845,1.1767,1.8806,0.6711,,BrBz_123456;ClBz_123456;ClBz_12345;ClBz_1245;ClBz_14,
m062x_gas,dG_ET_kcal,all,5,-0.1976,-4.687,-0.932,0.8686,0.0211,7.0665,1.4133,1.1888,2.2147,0.5439,,BrBz_123456;ClBz_123456;ClBz_12345;ClBz_1245;ClBz_14,
m062x_gas,eff_dG_frag_kcal,all,5,0.2937,-4.985,0.9267,0.8587,0.0236,7.5974,1.5195,1.2327,2.0112,0.6238,,BrBz_123456;ClBz_123456;ClBz_12345;ClBz_1245;ClBz_14,
m062x_gas,min_dG_frag_any_kcal,all,12,0.3158,-5.0449,0.9142,0.8357,0.0,16.0828,1.3402,1.1577,1.3718,0.7694,,BrBz_1;BrBz_14;BrBz_13;BrBz_124;BrBz_135;BrBz_1245;BrBz_123456;ClBz_123456;ClBz_12345;ClBz_1245;ClBz_12;ClBz_14,
m062x_gas,radius_A,all,12,13.6363,-45.319,0.9127,0.8331,0.0,16.3412,1.3618,1.1669,1.424,0.7515,,BrBz_1;BrBz_14;BrBz_13;BrBz_124;BrBz_135;BrBz_1245;BrBz_123456;ClBz_123456;ClBz_12345;ClBz_1245;ClBz_12;ClBz_14,
m062x_gas,eff_dG_frag_any_kcal,all,12,0.3229,-4.9336,0.9093,0.8269,0.0,16.9533,1.4128,1.1886,1.4145,0.7548,,BrBz_1;BrBz_14;BrBz_13;BrBz_124;BrBz_135;BrBz_1245;BrBz_123456;ClBz_123456;ClBz_12345;ClBz_1245;ClBz_12;ClBz_14,
m062x_gas,polar_iso_A3,all,12,0.6384,-13.2298,0.8977,0.8058,0.0001,19.014,1.5845,1.2588,1.7429,0.6277,,BrBz_1;BrBz_14;BrBz_13;BrBz_124;BrBz_135;BrBz_1245;BrBz_123456;ClBz_123456;ClBz_12345;ClBz_1245;ClBz_12;ClBz_14,
m062x_gas,eff_dG_rad_red_kcal,all,12,-0.1622,-9.8804,-0.8815,0.777,0.0002,21.8311,1.8193,1.3488,1.5998,0.6863,,BrBz_1;BrBz_14;BrBz_13;BrBz_124;BrBz_135;BrBz_1245;BrBz_123456;ClBz_123456;ClBz_12345;ClBz_1245;ClBz_12;ClBz_14,
m062x_gas,min_dG_rad_red_kcal,all,12,-0.1639,-9.8822,-0.8787,0.772,0.0002,22.3194,1.8599,1.3638,1.626,0.6759,,BrBz_1;BrBz_14;BrBz_13;BrBz_124;BrBz_135;BrBz_1245;BrBz_123456;ClBz_123456;ClBz_12345;ClBz_1245;ClBz_12;ClBz_14,
m062x_gas,dG_ET_any_kcal,all,12,-0.2206,-5.5249,-0.8784,0.7717,0.0002,22.3566,1.863,1.3649,1.5885,0.6907,,BrBz_1;BrBz_14;BrBz_13;BrBz_124;BrBz_135;BrBz_1245;BrBz_123456;ClBz_123456;ClBz_12345;ClBz_1245;ClBz_12;ClBz_14,
m062x_gas,mu_Koopmans_eV,all,12,-9.0946,-42.9657,-0.8644,0.7472,0.0003,24.7479,2.0623,1.4361,1.6864,0.6515,,BrBz_1;BrBz_14;BrBz_13;BrBz_124;BrBz_135;BrBz_1245;BrBz_123456;ClBz_123456;ClBz_12345;ClBz_1245;ClBz_12;ClBz_14,
m062x_gas,VEA_eV,all,12,4.6527,-0.6477,0.8587,0.7374,0.0003,25.7149,2.1429,1.4639,1.7841,0.6099,,BrBz_1;BrBz_14;BrBz_13;BrBz_124;BrBz_135;BrBz_1245;BrBz_123456;ClBz_123456;ClBz_12345;ClBz_1245;ClBz_12;ClBz_14,
m062x_gas,omega_dSCF_eV,all,12,12.1873,-15.0669,0.8478,0.7188,0.0005,27.5352,2.2946,1.5148,1.8739,0.5696,,BrBz_1;BrBz_14;BrBz_13;BrBz_124;BrBz_135;BrBz_1245;BrBz_123456;ClBz_123456;ClBz_12345;ClBz_1245;ClBz_12;ClBz_14,
m062x_gas,mu_dSCF_eV,all,12,-8.1855,-38.8824,-0.8471,0.7176,0.0005,27.6476,2.304,1.5179,1.8033,0.6014,,BrBz_1;BrBz_14;BrBz_13;BrBz_124;BrBz_135;BrBz_1245;BrBz_123456;ClBz_123456;ClBz_12345;ClBz_1245;ClBz_12;ClBz_14,
m062x_gas,LUMO_eV,all,12,-5.8681,-5.4097,-0.8413,0.7078,0.0006,28.6073,2.3839,1.544,2.0585,0.4807,,BrBz_1;BrBz_14;BrBz_13;BrBz_124;BrBz_135;BrBz_1245;BrBz_123456;ClBz_123456;ClBz_12345;ClBz_1245;ClBz_12;ClBz_14,
m062x_gas,max_qCM5_X,all,12,106.2703,-0.3877,0.8395,0.7048,0.0006,28.9021,2.4085,1.5519,1.7837,0.6101,,BrBz_1;BrBz_14;BrBz_13;BrBz_124;BrBz_135;BrBz_1245;BrBz_123456;ClBz_123456;ClBz_12345;ClBz_1245;ClBz_12;ClBz_14,
m062x_gas,omega_Koopmans_eV,all,12,11.1003,-16.4839,0.8329,0.6938,0.0008,29.9814,2.4985,1.5806,2.1703,0.4227,,BrBz_1;BrBz_14;BrBz_13;BrBz_124;BrBz_135;BrBz_1245;BrBz_123456;ClBz_123456;ClBz_12345;ClBz_1245;ClBz_12;ClBz_14,
m062x_gas,n_X,all,14,1.417,-6.8402,0.822,0.6758,0.0003,32.2774,2.3055,1.5184,1.7159,0.5859,,BrBz_1;BrBz_14;BrBz_13;BrBz_124;BrBz_135;BrBz_1245;BrBz_123456;BDE_24_24;BDE_245_24;ClBz_123456;ClBz_12345;ClBz_1245;ClBz_12;ClBz_14,
m062x_gas,eta_dSCF_eV,all,12,-4.7343,43.4277,-0.819,0.6708,0.0011,32.2367,2.6864,1.639,2.0314,0.4942,,BrBz_1;BrBz_14;BrBz_13;BrBz_124;BrBz_135;BrBz_1245;BrBz_123456;ClBz_123456;ClBz_12345;ClBz_1245;ClBz_12;ClBz_14,
m062x_gas,eff_dG_RA_2e_any_kcal,all,12,-0.2645,-12.2844,-0.7532,0.5673,0.0047,42.3704,3.5309,1.8791,2.1204,0.449,,BrBz_1;BrBz_14;BrBz_13;BrBz_124;BrBz_135;BrBz_1245;BrBz_123456;ClBz_123456;ClBz_12345;ClBz_1245;ClBz_12;ClBz_14,
m062x_gas,min_dG_RA_2e_any_kcal,all,12,-0.2675,-12.2626,-0.7427,0.5516,0.0057,43.9001,3.6583,1.9127,2.1681,0.4239,,BrBz_1;BrBz_14;BrBz_13;BrBz_124;BrBz_135;BrBz_1245;BrBz_123456;ClBz_123456;ClBz_12345;ClBz_1245;ClBz_12;ClBz_14,
m062x_gas,HOMO_eV,all,12,-10.6067,-91.3524,-0.6811,0.4639,0.0148,52.4945,4.3745,2.0915,2.4109,0.2877,,BrBz_1;BrBz_14;BrBz_13;BrBz_124;BrBz_135;BrBz_1245;BrBz_123456;ClBz_123456;ClBz_12345;ClBz_1245;ClBz_12;ClBz_14,
m062x_gas,eta_Koopmans_eV,all,12,-5.8177,43.6764,-0.6685,0.4469,0.0175,54.1511,4.5126,2.1243,2.5472,0.2048,,BrBz_1;BrBz_14;BrBz_13;BrBz_124;BrBz_135;BrBz_1245;BrBz_123456;ClBz_123456;ClBz_12345;ClBz_1245;ClBz_12;ClBz_14,
m062x_gas,gap_eV,all,12,-5.8177,43.6764,-0.6685,0.4469,0.0175,54.1511,4.5126,2.1243,2.5472,0.2048,,BrBz_1;BrBz_14;BrBz_13;BrBz_124;BrBz_135;BrBz_1245;BrBz_123456;ClBz_123456;ClBz_12345;ClBz_1245;ClBz_12;ClBz_14,
m062x_gas,eff_dG_2e_HDH_kcal,all,12,-0.3457,-147.811,-0.6414,0.4114,0.0246,57.6295,4.8025,2.1915,2.5073,0.2295,,BrBz_1;BrBz_14;BrBz_13;BrBz_124;BrBz_135;BrBz_1245;BrBz_123456;ClBz_123456;ClBz_12345;ClBz_1245;ClBz_12;ClBz_14,
m062x_gas,min_dG_2e_HDH_kcal,all,12,-0.3332,-142.3122,-0.606,0.3672,0.0367,61.9578,5.1631,2.2723,2.614,0.1625,,BrBz_1;BrBz_14;BrBz_13;BrBz_124;BrBz_135;BrBz_1245;BrBz_123456;ClBz_123456;ClBz_12345;ClBz_1245;ClBz_12;ClBz_14,
m062x_gas,LUMO_RA_eV,all,12,-3.861,6.843,-0.5775,0.3335,0.0493,65.2559,5.438,2.3319,2.8864,-0.0211,,BrBz_1;BrBz_14;BrBz_13;BrBz_124;BrBz_135;BrBz_1245;BrBz_123456;ClBz_123456;ClBz_12345;ClBz_1245;ClBz_12;ClBz_14,
m062x_gas,min_wiberg_CX_parent,all,12,96.0634,-103.8605,0.4966,0.2466,0.1006,73.7704,6.1475,2.4794,2.8224,0.0237,,BrBz_1;BrBz_14;BrBz_13;BrBz_124;BrBz_135;BrBz_1245;BrBz_123456;ClBz_123456;ClBz_12345;ClBz_1245;ClBz_12;ClBz_14,
m062x_gas,eff_dG_1e_kcal,all,12,-0.2462,-3.6436,-0.4806,0.2309,0.1138,75.2996,6.275,2.505,2.9442,-0.0624,,BrBz_1;BrBz_14;BrBz_13;BrBz_124;BrBz_135;BrBz_1245;BrBz_123456;ClBz_123456;ClBz_12345;ClBz_1245;ClBz_12;ClBz_14,
m062x_gas,min_dG_1e_kcal,all,12,-0.2279,-3.3862,-0.4406,0.1941,0.1517,78.9057,6.5755,2.5643,3.0391,-0.132,,BrBz_1;BrBz_14;BrBz_13;BrBz_124;BrBz_135;BrBz_1245;BrBz_123456;ClBz_123456;ClBz_12345;ClBz_1245;ClBz_12;ClBz_14,
m062x_gas,dipole_D,all,12,-1.1905,-1.0691,-0.3874,0.1501,0.2134,83.2179,6.9348,2.6334,3.1048,-0.1814,,BrBz_1;BrBz_14;BrBz_13;BrBz_124;BrBz_135;BrBz_1245;BrBz_123456;ClBz_123456;ClBz_12345;ClBz_1245;ClBz_12;ClBz_14,
m062x_gas,VIE_eV,all,12,7.2916,-69.7633,0.3504,0.1228,0.2641,85.8876,7.1573,2.6753,3.1036,-0.1805,,BrBz_1;BrBz_14;BrBz_13;BrBz_124;BrBz_135;BrBz_1245;BrBz_123456;ClBz_123456;ClBz_12345;ClBz_1245;ClBz_12;ClBz_14,
m062x_gas,lambda_i_kcal,all,4,0.0478,-3.3909,0.2912,0.0848,0.7088,40.5317,10.1329,3.1832,14.961,-19.2167,,BrBz_123456;ClBz_12345;ClBz_1245;ClBz_14,
m062x_gas,min_BDE_kcal,all,12,-0.09,5.5015,-0.2783,0.0775,0.381,90.3262,7.5272,2.7436,3.3077,-0.3409,,BrBz_1;BrBz_14;BrBz_13;BrBz_124;BrBz_135;BrBz_1245;BrBz_123456;ClBz_123456;ClBz_12345;ClBz_1245;ClBz_12;ClBz_14,
m062x_gas,max_dr_CX_RA_A,all,12,-1.8005,-1.3116,-0.2276,0.0518,0.4768,92.839,7.7366,2.7815,3.3817,-0.4016,,BrBz_1;BrBz_14;BrBz_13;BrBz_124;BrBz_135;BrBz_1245;BrBz_123456;ClBz_123456;ClBz_12345;ClBz_1245;ClBz_12;ClBz_14,
m062x_gas,max_spin_RA_X,all,4,4.9329,-2.5219,0.2078,0.0432,0.7922,42.3732,10.5933,3.2547,20.6649,-37.5706,,BrBz_123456;ClBz_12345;ClBz_1245;ClBz_14,
m062x_gas,max_spin_vA_X,all,12,-3.6012,-1.6677,-0.1162,0.0135,0.7192,96.5903,8.0492,2.8371,5.0632,-2.1419,,BrBz_1;BrBz_14;BrBz_13;BrBz_124;BrBz_135;BrBz_1245;BrBz_123456;ClBz_123456;ClBz_12345;ClBz_1245;ClBz_12;ClBz_14,
m062x_gas,max_fplus_CX,all,12,4.3434,-2.7283,0.109,0.0119,0.736,96.7491,8.0624,2.8394,3.9972,-0.9582,,BrBz_1;BrBz_14;BrBz_13;BrBz_124;BrBz_135;BrBz_1245;BrBz_123456;ClBz_123456;ClBz_12345;ClBz_1245;ClBz_12;ClBz_14,
m062x_smd,max_qCM5_X,bromobenzene,7,116.3495,0.2185,0.9827,0.9658,0.0001,1.9632,0.2805,0.5296,0.8536,0.9111,,BrBz_1;BrBz_14;BrBz_13;BrBz_124;BrBz_135;BrBz_1245;BrBz_123456,2.819
m062x_smd,radius_A,bromobenzene,7,13.3318,-44.1516,0.949,0.9007,0.0011,5.6952,0.8136,0.902,1.5912,0.6909,,BrBz_1;BrBz_14;BrBz_13;BrBz_124;BrBz_135;BrBz_1245;BrBz_123456,1.494
m062x_smd,eff_dG_rad_red_kcal,bromobenzene,7,-0.3269,-32.9274,-0.9468,0.8964,0.0012,5.9424,0.8489,0.9214,1.5469,0.7079,,BrBz_1;BrBz_14;BrBz_13;BrBz_124;BrBz_135;BrBz_1245;BrBz_123456,3.402
m062x_smd,min_dG_rad_red_kcal,bromobenzene,7,-0.3373,-33.757,-0.9447,0.8924,0.0013,6.1711,0.8816,0.9389,1.5376,0.7114,,BrBz_1;BrBz_14;BrBz_13;BrBz_124;BrBz_135;BrBz_1245;BrBz_123456,3.477
m062x_smd,min_wiberg_CX_parent,bromobenzene,7,259.9502,-273.6079,0.9392,0.8822,0.0017,6.7555,0.9651,0.9824,1.6345,0.6738,,BrBz_1;BrBz_14;BrBz_13;BrBz_124;BrBz_135;BrBz_1245;BrBz_123456,6.204
m062x_smd,mu_dSCF_eV,bromobenzene,7,-9.2739,-42.6108,-0.9369,0.8778,0.0019,7.0065,1.0009,1.0005,2.0325,0.4957,,BrBz_1;BrBz_14;BrBz_13;BrBz_124;BrBz_135;BrBz_1245;BrBz_123456,1.6
m062x_smd,min_pKa_ArH_site,bromobenzene,7,-0.5022,18.9204,-0.933,0.8704,0.0022,7.4304,1.0615,1.0303,1.7901,0.6088,,BrBz_1;BrBz_14;BrBz_13;BrBz_124;BrBz_135;BrBz_1245;BrBz_123456,3.133
m062x_smd,VIE_eV,bromobenzene,7,12.7318,-95.2903,0.932,0.8686,0.0022,7.5344,1.0763,1.0375,1.3932,0.763,,BrBz_1;BrBz_14;BrBz_13;BrBz_124;BrBz_135;BrBz_1245;BrBz_123456,1.134
m062x_smd,eff_dG_2e_carbanion_kcal,bromobenzene,7,-0.2462,-40.2762,-0.9287,0.8625,0.0025,7.8818,1.126,1.0611,1.958,0.532,,BrBz_1;BrBz_14;BrBz_13;BrBz_124;BrBz_135;BrBz_1245;BrBz_123456,3.342
m062x_smd,n_X,bromobenzene,7,1.7556,-6.915,0.9274,0.8601,0.0026,8.0218,1.146,1.0705,2.084,0.4698,,BrBz_1;BrBz_14;BrBz_13;BrBz_124;BrBz_135;BrBz_1245;BrBz_123456,2.545
m062x_smd,min_dG_2e_carbanion_kcal,bromobenzene,7,-0.2521,-41.0824,-0.9269,0.8592,0.0027,8.075,1.1536,1.074,1.9456,0.5379,,BrBz_1;BrBz_14;BrBz_13;BrBz_124;BrBz_135;BrBz_1245;BrBz_123456,3.404
m062x_smd,polar_iso_A3,bromobenzene,7,0.5251,-14.0982,0.925,0.8556,0.0028,8.2797,1.1828,1.0876,2.1519,0.4347,,BrBz_1;BrBz_14;BrBz_13;BrBz_124;BrBz_135;BrBz_1245;BrBz_123456,1.461
m062x_smd,eff_dG_2e_HDH_kcal,bromobenzene,7,-0.7243,-155.7965,-0.9109,0.8297,0.0043,9.7644,1.3949,1.1811,2.1398,0.441,,BrBz_1;BrBz_14;BrBz_13;BrBz_124;BrBz_135;BrBz_1245;BrBz_123456,3.984
m062x_smd,min_dG0_act_concerted_kcal,bromobenzene,7,-2.5709,65.0512,-0.9102,0.8285,0.0044,9.8363,1.4052,1.1854,2.658,0.1375,1.523,BrBz_1;BrBz_14;BrBz_13;BrBz_124;BrBz_135;BrBz_1245;BrBz_123456,11.083
m062x_smd,VEA_eV,bromobenzene,7,6.8345,-11.7573,0.9097,0.8275,0.0045,9.8895,1.4128,1.1886,2.5504,0.2059,,BrBz_1;BrBz_14;BrBz_13;BrBz_124;BrBz_135;BrBz_1245;BrBz_123456,1.971
m062x_smd,min_dG_2e_HDH_kcal,bromobenzene,7,-0.7831,-167.9041,-0.904,0.8172,0.0052,10.4834,1.4976,1.2238,2.2412,0.3868,,BrBz_1;BrBz_14;BrBz_13;BrBz_124;BrBz_135;BrBz_1245;BrBz_123456,4.132
m062x_smd,eff_dG_act_combined_kcal @ -2.00 V,bromobenzene,7,-1.0471,20.6633,-0.8948,0.8007,0.0065,11.4262,1.6323,1.2776,2.9235,-0.0434,0.62,BrBz_1;BrBz_14;BrBz_13;BrBz_124;BrBz_135;BrBz_1245;BrBz_123456,3.034
m062x_smd,eff_dG_act_concerted_kcal @ -2.00 V,bromobenzene,7,-1.0471,20.6633,-0.8948,0.8007,0.0065,11.4262,1.6323,1.2776,2.9235,-0.0434,0.62,BrBz_1;BrBz_14;BrBz_13;BrBz_124;BrBz_135;BrBz_1245;BrBz_123456,3.034
m062x_smd,omega_dSCF_eV,bromobenzene,7,8.9362,-16.6302,0.8918,0.7953,0.007,11.7385,1.6769,1.295,3.0426,-0.1301,,BrBz_1;BrBz_14;BrBz_13;BrBz_124;BrBz_135;BrBz_1245;BrBz_123456,1.855
m062x_smd,mu_Koopmans_eV,bromobenzene,7,-7.9015,-36.1243,-0.876,0.7674,0.0097,13.3393,1.9056,1.3804,3.0846,-0.1615,,BrBz_1;BrBz_14;BrBz_13;BrBz_124;BrBz_135;BrBz_1245;BrBz_123456,1.649
m062x_smd,LUMO_eV,bromobenzene,7,-4.8021,-3.7877,-0.861,0.7412,0.0128,14.8372,2.1196,1.4559,3.6888,-0.6612,,BrBz_1;BrBz_14;BrBz_13;BrBz_124;BrBz_135;BrBz_1245;BrBz_123456,1.712
m062x_smd,eff_dG_1e_kcal,bromobenzene,7,-0.8558,-54.4843,-0.8589,0.7377,0.0133,15.0424,2.1489,1.4659,3.565,-0.5516,,BrBz_1;BrBz_14;BrBz_13;BrBz_124;BrBz_135;BrBz_1245;BrBz_123456,3.365
m062x_smd,min_dG_1e_kcal,bromobenzene,7,-0.9294,-58.5479,-0.8418,0.7086,0.0175,16.7087,2.387,1.545,3.8024,-0.7651,,BrBz_1;BrBz_14;BrBz_13;BrBz_124;BrBz_135;BrBz_1245;BrBz_123456,3.48
m062x_smd,min_BDE_kcal,bromobenzene,7,-1.026,75.3209,-0.8371,0.7007,0.0188,17.1611,2.4516,1.5658,4.1284,-1.0808,,BrBz_1;BrBz_14;BrBz_13;BrBz_124;BrBz_135;BrBz_1245;BrBz_123456,17.937
m062x_smd,omega_Koopmans_eV,bromobenzene,7,8.9968,-12.7552,0.831,0.6906,0.0205,17.7411,2.5344,1.592,4.6202,-1.606,,BrBz_1;BrBz_14;BrBz_13;BrBz_124;BrBz_135;BrBz_1245;BrBz_123456,1.775
m062x_smd,eta_Koopmans_eV,bromobenzene,7,-5.3542,40.3023,-0.7835,0.6138,0.0371,22.1426,3.1632,1.7785,2.7212,0.096,,BrBz_1;BrBz_14;BrBz_13;BrBz_124;BrBz_135;BrBz_1245;BrBz_123456,2.315
m062x_smd,gap_eV,bromobenzene,7,-5.3542,40.3023,-0.7835,0.6138,0.0371,22.1426,3.1632,1.7785,2.7212,0.096,,BrBz_1;BrBz_14;BrBz_13;BrBz_124;BrBz_135;BrBz_1245;BrBz_123456,2.315
m062x_smd,max_fplus_CX,bromobenzene,7,105.2913,-15.9496,0.7302,0.5331,0.0624,26.7702,3.8243,1.9556,2.5925,0.1795,,BrBz_1;BrBz_14;BrBz_13;BrBz_124;BrBz_135;BrBz_1245;BrBz_123456,5.74
m062x_smd,eta_dSCF_eV,bromobenzene,7,-9.936,56.7343,-0.7248,0.5253,0.0654,27.2205,3.8886,1.972,2.6433,0.147,,BrBz_1;BrBz_14;BrBz_13;BrBz_124;BrBz_135;BrBz_1245;BrBz_123456,3.006
m062x_smd,HOMO_eV,bromobenzene,7,-12.7344,-107.0963,-0.7111,0.5057,0.0732,28.3413,4.0488,2.0122,2.6043,0.172,,BrBz_1;BrBz_14;BrBz_13;BrBz_124;BrBz_135;BrBz_1245;BrBz_123456,2.686
m062x_smd,dG_ET_any_kcal,bromobenzene,7,-0.2147,-14.1465,-0.6968,0.4856,0.0819,29.496,4.2137,2.0527,3.9994,-0.9527,,BrBz_1;BrBz_14;BrBz_13;BrBz_124;BrBz_135;BrBz_1245;BrBz_123456,2.172
m062x_smd,dipole_D,bromobenzene,7,-1.449,-0.1645,-0.6066,0.368,0.1487,36.2401,5.1772,2.2753,3.1351,-0.1999,,BrBz_1;BrBz_14;BrBz_13;BrBz_124;BrBz_135;BrBz_1245;BrBz_123456,3.434
m062x_smd,max_spin_vA_X,bromobenzene,7,48.2255,-3.0407,0.5897,0.3477,0.1635,37.4003,5.3429,2.3115,5.123,-2.204,,BrBz_1;BrBz_14;BrBz_13;BrBz_124;BrBz_135;BrBz_1245;BrBz_123456,2.27
m062x_smd,min_dG_frag_any_kcal,bromobenzene,7,0.2104,-1.0142,0.5615,0.3153,0.1897,39.2621,5.6089,2.3683,7.9689,-6.7526,,BrBz_1;BrBz_14;BrBz_13;BrBz_124;BrBz_135;BrBz_1245;BrBz_123456,2.486
m062x_smd,max_dr_CX_RA_A,bromobenzene,7,-1.5677,-0.5597,-0.5568,0.31,0.1942,39.5654,5.6522,2.3774,4.1108,-1.063,,BrBz_1;BrBz_14;BrBz_13;BrBz_124;BrBz_135;BrBz_1245;BrBz_123456,3.25
m062x_smd,eff_dG_frag_any_kcal,bromobenzene,7,0.2017,-0.9362,0.5313,0.2823,0.2198,41.1541,5.8792,2.4247,8.582,-7.9913,,BrBz_1;BrBz_14;BrBz_13;BrBz_124;BrBz_135;BrBz_1245;BrBz_123456,2.474
m062x_smd,eff_dG_RA_2e_any_kcal,bromobenzene,7,-0.1754,-18.9568,-0.4668,0.2179,0.2909,44.8423,6.406,2.531,4.2749,-1.2311,,BrBz_1;BrBz_14;BrBz_13;BrBz_124;BrBz_135;BrBz_1245;BrBz_123456,4.444
m062x_smd,min_dG_RA_2e_any_kcal,bromobenzene,7,-0.1704,-18.3873,-0.4422,0.1955,0.3205,46.1282,6.5897,2.567,4.4028,-1.3665,,BrBz_1;BrBz_14;BrBz_13;BrBz_124;BrBz_135;BrBz_1245;BrBz_123456,4.383
m062x_smd,LUMO_RA_eV,bromobenzene,7,-1.8929,-3.4021,-0.3349,0.1122,0.4628,50.9078,7.2725,2.6968,3.8079,-0.7702,,BrBz_1;BrBz_14;BrBz_13;BrBz_124;BrBz_135;BrBz_1245;BrBz_123456,2.283
m062x_smd,min_wiberg_CX_parent,chlorobenzene,5,201.9698,-217.8385,0.9635,0.9283,0.0083,2.8226,0.5645,0.7513,1.3018,0.7848,,ClBz_123456;ClBz_12345;ClBz_1245;ClBz_12;ClBz_14,
m062x_smd,eff_dG_1e_kcal,chlorobenzene,5,-1.6552,-108.9862,-0.9446,0.8924,0.0155,4.2389,0.8478,0.9207,1.5789,0.6834,,ClBz_123456;ClBz_12345;ClBz_1245;ClBz_12;ClBz_14,
m062x_smd,eff_dG_2e_HDH_kcal,chlorobenzene,5,-0.921,-202.3528,-0.9398,0.8832,0.0176,4.5989,0.9198,0.959,1.6908,0.637,,ClBz_123456;ClBz_12345;ClBz_1245;ClBz_12;ClBz_14,
m062x_smd,min_dG_2e_HDH_kcal,chlorobenzene,5,-0.9972,-218.2391,-0.9367,0.8773,0.019,4.8308,0.9662,0.9829,1.7242,0.6225,,ClBz_123456;ClBz_12345;ClBz_1245;ClBz_12;ClBz_14,
m062x_smd,min_dG_1e_kcal,chlorobenzene,5,-1.8519,-120.4626,-0.9252,0.8561,0.0243,5.6677,1.1335,1.0647,1.8305,0.5745,,ClBz_123456;ClBz_12345;ClBz_1245;ClBz_12;ClBz_14,
m062x_smd,VIE_eV,chlorobenzene,5,12.9161,-97.0254,0.925,0.8555,0.0244,5.6884,1.1377,1.0666,1.7642,0.6048,,ClBz_123456;ClBz_12345;ClBz_1245;ClBz_12;ClBz_14,
m062x_smd,HOMO_eV,chlorobenzene,5,-16.6373,-142.3344,-0.9238,0.8535,0.0249,5.7703,1.1541,1.0743,1.7239,0.6226,,ClBz_123456;ClBz_12345;ClBz_1245;ClBz_12;ClBz_14,
m062x_smd,eff_dG_act_combined_kcal @ -2.00 V,chlorobenzene,5,-1.6597,38.3152,-0.9211,0.8484,0.0263,5.9683,1.1937,1.0926,1.8937,0.5447,0.983,ClBz_123456;ClBz_12345;ClBz_1245;ClBz_12;ClBz_14,
m062x_smd,eff_dG_act_concerted_kcal @ -2.00 V,chlorobenzene,5,-1.6597,38.3152,-0.9211,0.8484,0.0263,5.9683,1.1937,1.0926,1.8937,0.5447,0.983,ClBz_123456;ClBz_12345;ClBz_1245;ClBz_12;ClBz_14,
m062x_smd,eff_dG_2e_carbanion_kcal,chlorobenzene,5,-0.2246,-39.8133,-0.9156,0.8383,0.0291,6.3655,1.2731,1.1283,1.9785,0.503,,ClBz_123456;ClBz_12345;ClBz_1245;ClBz_12;ClBz_14,
m062x_smd,eff_dG_rad_red_kcal,chlorobenzene,5,-0.2543,-28.549,-0.9122,0.8321,0.0308,6.6111,1.3222,1.1499,2.0263,0.4787,,ClBz_123456;ClBz_12345;ClBz_1245;ClBz_12;ClBz_14,
m062x_smd,min_dG_2e_carbanion_kcal,chlorobenzene,5,-0.2246,-39.6713,-0.9068,0.8223,0.0337,6.9963,1.3993,1.1829,2.0962,0.4421,,ClBz_123456;ClBz_12345;ClBz_1245;ClBz_12;ClBz_14,
m062x_smd,mu_Koopmans_eV,chlorobenzene,5,-10.9822,-50.5592,-0.906,0.8208,0.0341,7.0575,1.4115,1.1881,2.0575,0.4625,,ClBz_123456;ClBz_12345;ClBz_1245;ClBz_12;ClBz_14,
m062x_smd,min_dG_rad_red_kcal,chlorobenzene,5,-0.2554,-28.5042,-0.9039,0.817,0.0353,7.2058,1.4412,1.2005,2.1367,0.4203,,ClBz_123456;ClBz_12345;ClBz_1245;ClBz_12;ClBz_14,
m062x_smd,max_qCM5_X,chlorobenzene,5,108.4286,2.4164,0.903,0.8155,0.0357,7.2663,1.4533,1.2055,2.1586,0.4083,,ClBz_123456;ClBz_12345;ClBz_1245;ClBz_12;ClBz_14,
m062x_smd,min_pKa_ArH_site,chlorobenzene,5,-0.3912,12.0705,-0.893,0.7975,0.0413,7.9733,1.5947,1.2628,2.268,0.3469,,ClBz_123456;ClBz_12345;ClBz_1245;ClBz_12;ClBz_14,
m062x_smd,mu_dSCF_eV,chlorobenzene,5,-10.5465,-49.201,-0.8924,0.7964,0.0417,8.0176,1.6035,1.2663,2.2488,0.3579,,ClBz_123456;ClBz_12345;ClBz_1245;ClBz_12;ClBz_14,
m062x_smd,omega_Koopmans_eV,chlorobenzene,5,16.1966,-21.8505,0.8791,0.7727,0.0496,8.9486,1.7897,1.3378,2.3901,0.2747,,ClBz_123456;ClBz_12345;ClBz_1245;ClBz_12;ClBz_14,
m062x_smd,min_dG0_act_concerted_kcal,chlorobenzene,5,-3.4037,101.4087,-0.8776,0.7702,0.0505,9.0508,1.8102,1.3454,2.347,0.3005,2.017,ClBz_123456;ClBz_12345;ClBz_1245;ClBz_12;ClBz_14,
m062x_smd,n_X,chlorobenzene,5,1.5249,-8.0827,0.8694,0.7558,0.0555,9.6145,1.9229,1.3867,2.4497,0.238,,ClBz_123456;ClBz_12345;ClBz_1245;ClBz_12;ClBz_14,
m062x_smd,polar_iso_A3,chlorobenzene,5,0.6384,-16.7197,0.8678,0.753,0.0566,9.7265,1.9453,1.3947,2.4518,0.2367,,ClBz_123456;ClBz_12345;ClBz_1245;ClBz_12;ClBz_14,
m062x_smd,radius_A,chlorobenzene,5,14.2353,-47.5138,0.8661,0.7502,0.0576,9.8365,1.9673,1.4026,2.5218,0.1925,,ClBz_123456;ClBz_12345;ClBz_1245;ClBz_12;ClBz_14,
m062x_smd,min_BDE_kcal,chlorobenzene,5,-1.7554,161.0402,-0.8621,0.7432,0.0602,10.112,2.0224,1.4221,2.5073,0.2017,,ClBz_123456;ClBz_12345;ClBz_1245;ClBz_12;ClBz_14,
m062x_smd,omega_dSCF_eV,chlorobenzene,5,11.6854,-22.4012,0.861,0.7414,0.0609,10.1834,2.0367,1.4271,2.6392,0.1156,,ClBz_123456;ClBz_12345;ClBz_1245;ClBz_12;ClBz_14,
m062x_smd,LUMO_eV,chlorobenzene,5,-7.4414,-5.0669,-0.8548,0.7307,0.0649,10.6048,2.121,1.4563,2.7035,0.072,,ClBz_123456;ClBz_12345;ClBz_1245;ClBz_12;ClBz_14,
m062x_smd,VEA_eV,chlorobenzene,5,8.4419,-15.4678,0.8461,0.716,0.0708,11.185,2.237,1.4957,2.814,-0.0055,,ClBz_123456;ClBz_12345;ClBz_1245;ClBz_12;ClBz_14,
m062x_smd,max_fplus_CX,chlorobenzene,5,39.6293,-8.9959,0.7513,0.5645,0.1432,17.148,3.4296,1.8519,3.147,-0.2576,,ClBz_123456;ClBz_12345;ClBz_1245;ClBz_12;ClBz_14,
m062x_smd,AEA_elec_eV,chlorobenzene,5,3.853,-9.9934,0.7364,0.5423,0.1558,18.0214,3.6043,1.8985,3.3794,-0.4501,,ClBz_123456;ClBz_12345;ClBz_1245;ClBz_12;ClBz_14,
m062x_smd,E_ET_V,chlorobenzene,5,4.1246,6.244,0.7253,0.5261,0.1655,18.6613,3.7323,1.9319,3.333,-0.4106,,ClBz_123456;ClBz_12345;ClBz_1245;ClBz_12;ClBz_14,
m062x_smd,dG_ET_any_kcal,chlorobenzene,5,-0.1788,-11.4082,-0.7251,0.5258,0.1657,18.6742,3.7348,1.9326,3.3341,-0.4115,,ClBz_123456;ClBz_12345;ClBz_1245;ClBz_12;ClBz_14,
m062x_smd,dG_ET_kcal,chlorobenzene,5,-0.1788,-11.4082,-0.7251,0.5258,0.1657,18.6742,3.7348,1.9326,3.3341,-0.4115,,ClBz_123456;ClBz_12345;ClBz_1245;ClBz_12;ClBz_14,
m062x_smd,max_spin_vA_X,chlorobenzene,5,85.4914,-4.9049,0.7133,0.5087,0.1762,19.3446,3.8689,1.967,3.3432,-0.4192,,ClBz_123456;ClBz_12345;ClBz_1245;ClBz_12;ClBz_14,
m062x_smd,min_dG_frag_any_kcal,chlorobenzene,5,0.1916,0.1627,0.6891,0.4749,0.1981,20.6769,4.1354,2.0336,3.4656,-0.525,,ClBz_123456;ClBz_12345;ClBz_1245;ClBz_12;ClBz_14,
m062x_smd,min_dG_frag_kcal,chlorobenzene,5,0.1916,0.1627,0.6891,0.4749,0.1981,20.6769,4.1354,2.0336,3.4656,-0.525,,ClBz_123456;ClBz_12345;ClBz_1245;ClBz_12;ClBz_14,
m062x_smd,eff_dG_frag_any_kcal,chlorobenzene,5,0.191,0.2796,0.6774,0.4589,0.209,21.3079,4.2616,2.0644,3.5201,-0.5733,,ClBz_123456;ClBz_12345;ClBz_1245;ClBz_12;ClBz_14,
m062x_smd,eff_dG_frag_kcal,chlorobenzene,5,0.191,0.2796,0.6774,0.4589,0.209,21.3079,4.2616,2.0644,3.5201,-0.5733,,ClBz_123456;ClBz_12345;ClBz_1245;ClBz_12;ClBz_14,
m062x_smd,eta_Koopmans_eV,chlorobenzene,5,-8.7954,68.46,-0.6415,0.4115,0.2433,23.1717,4.6343,2.1528,4.7427,-1.8561,,ClBz_123456;ClBz_12345;ClBz_1245;ClBz_12;ClBz_14,
m062x_smd,gap_eV,chlorobenzene,5,-8.7954,68.46,-0.6415,0.4115,0.2433,23.1717,4.6343,2.1528,4.7427,-1.8561,,ClBz_123456;ClBz_12345;ClBz_1245;ClBz_12;ClBz_14,
m062x_smd,LUMO_RA_eV,chlorobenzene,5,-2.3726,-3.405,-0.5995,0.3594,0.2853,25.2246,5.0449,2.2461,4.1587,-1.1961,,ClBz_123456;ClBz_12345;ClBz_1245;ClBz_12;ClBz_14,
m062x_smd,eff_dG_RA_2e_any_kcal,chlorobenzene,5,-0.3739,-45.6726,-0.5433,0.2952,0.344,27.754,5.5508,2.356,4.4344,-1.4968,,ClBz_123456;ClBz_12345;ClBz_1245;ClBz_12;ClBz_14,
m062x_smd,eff_dG_RA_2e_kcal,chlorobenzene,5,-0.3739,-45.6726,-0.5433,0.2952,0.344,27.754,5.5508,2.356,4.4344,-1.4968,,ClBz_123456;ClBz_12345;ClBz_1245;ClBz_12;ClBz_14,
m062x_smd,min_dG_RA_2e_any_kcal,chlorobenzene,5,-0.3692,-44.9111,-0.5154,0.2656,0.3741,28.9176,5.7835,2.4049,4.6708,-1.7702,,ClBz_123456;ClBz_12345;ClBz_1245;ClBz_12;ClBz_14,
m062x_smd,min_dG_RA_2e_kcal,chlorobenzene,5,-0.3692,-44.9111,-0.5154,0.2656,0.3741,28.9176,5.7835,2.4049,4.6708,-1.7702,,ClBz_123456;ClBz_12345;ClBz_1245;ClBz_12;ClBz_14,
m062x_smd,lambda_i_kcal,chlorobenzene,4,0.0352,-4.2774,0.4685,0.2195,0.5315,16.3179,4.0795,2.0198,25.1377,-119.9056,,ClBz_12345;ClBz_1245;ClBz_12;ClBz_14,
m062x_smd,max_spin_RA_X,chlorobenzene,4,8.2943,-3.9891,0.4626,0.214,0.5374,16.4326,4.1081,2.0269,34.941,-232.5956,,ClBz_12345;ClBz_1245;ClBz_12;ClBz_14,
m062x_smd,eta_dSCF_eV,chlorobenzene,5,-10.8112,60.1353,-0.4481,0.2008,0.4491,31.4693,6.2939,2.5088,4.628,-1.7197,,ClBz_123456;ClBz_12345;ClBz_1245;ClBz_12;ClBz_14,
m062x_smd,max_dr_CX_RA_A,chlorobenzene,5,1.4573,-2.5389,0.1462,0.0214,0.8145,38.5353,7.7071,2.7762,68.1734,-589.1369,,ClBz_123456;ClBz_12345;ClBz_1245;ClBz_12;ClBz_14,
m062x_smd,dipole_D,chlorobenzene,5,-0.1971,-2.0713,-0.1083,0.0117,0.8624,38.9154,7.7831,2.7898,4.1325,-1.1684,,ClBz_123456;ClBz_12345;ClBz_1245;ClBz_12;ClBz_14,
m062x_smd,VIE_eV,halobenzene,12,12.8489,-96.3106,0.9277,0.8606,0.0,13.6506,1.1376,1.0666,1.2436,0.8104,,BrBz_1;BrBz_14;BrBz_13;BrBz_124;BrBz_135;BrBz_1245;BrBz_123456;ClBz_123456;ClBz_12345;ClBz_1245;ClBz_12;ClBz_14,
m062x_smd,radius_A,halobenzene,12,13.67,-45.4331,0.9129,0.8335,0.0,16.3059,1.3588,1.1657,1.4238,0.7516,,BrBz_1;BrBz_14;BrBz_13;BrBz_124;BrBz_135;BrBz_1245;BrBz_123456;ClBz_123456;ClBz_12345;ClBz_1245;ClBz_12;ClBz_14,
m062x_smd,mu_dSCF_eV,halobenzene,12,-9.5891,-44.3943,-0.9039,0.817,0.0001,17.9146,1.4929,1.2218,1.4817,0.7309,,BrBz_1;BrBz_14;BrBz_13;BrBz_124;BrBz_135;BrBz_1245;BrBz_123456;ClBz_123456;ClBz_12345;ClBz_1245;ClBz_12;ClBz_14,
m062x_smd,polar_iso_A3,halobenzene,12,0.5582,-14.8945,0.8996,0.8093,0.0001,18.6711,1.5559,1.2474,1.6821,0.6532,,BrBz_1;BrBz_14;BrBz_13;BrBz_124;BrBz_135;BrBz_1245;BrBz_123456;ClBz_123456;ClBz_12345;ClBz_1245;ClBz_12;ClBz_14,
m062x_smd,max_qCM5_X,halobenzene,12,91.4299,0.5937,0.8767,0.7687,0.0002,22.6505,1.8875,1.3739,1.6228,0.6772,,BrBz_1;BrBz_14;BrBz_13;BrBz_124;BrBz_135;BrBz_1245;BrBz_123456;ClBz_123456;ClBz_12345;ClBz_1245;ClBz_12;ClBz_14,
m062x_smd,mu_Koopmans_eV,halobenzene,12,-8.6617,-39.8242,-0.8647,0.7477,0.0003,24.7072,2.0589,1.4349,1.8403,0.5849,,BrBz_1;BrBz_14;BrBz_13;BrBz_124;BrBz_135;BrBz_1245;BrBz_123456;ClBz_123456;ClBz_12345;ClBz_1245;ClBz_12;ClBz_14,
m062x_smd,VEA_eV,halobenzene,12,7.078,-12.6262,0.8557,0.7322,0.0004,26.2192,2.1849,1.4782,1.7528,0.6235,,BrBz_1;BrBz_14;BrBz_13;BrBz_124;BrBz_135;BrBz_1245;BrBz_123456;ClBz_123456;ClBz_12345;ClBz_1245;ClBz_12;ClBz_14,
m062x_smd,omega_dSCF_eV,halobenzene,12,9.5086,-18.0334,0.8545,0.7301,0.0004,26.4277,2.2023,1.484,1.8329,0.5882,,BrBz_1;BrBz_14;BrBz_13;BrBz_124;BrBz_135;BrBz_1245;BrBz_123456;ClBz_123456;ClBz_12345;ClBz_1245;ClBz_12;ClBz_14,
m062x_smd,AEA_elec_eV,halobenzene,7,4.1885,-10.5501,0.8432,0.711,0.0171,18.5356,2.6479,1.6272,2.2606,0.4424,,BrBz_14;BrBz_123456;ClBz_123456;ClBz_12345;ClBz_1245;ClBz_12;ClBz_14,
m062x_smd,LUMO_eV,halobenzene,12,-5.4048,-4.1605,-0.8423,0.7094,0.0006,28.4492,2.3708,1.5397,2.333,0.3329,,BrBz_1;BrBz_14;BrBz_13;BrBz_124;BrBz_135;BrBz_1245;BrBz_123456;ClBz_123456;ClBz_12345;ClBz_1245;ClBz_12;ClBz_14,
m062x_smd,n_X,halobenzene,12,1.5037,-6.9273,0.8416,0.7082,0.0006,28.5668,2.3806,1.5429,1.7804,0.6115,,BrBz_1;BrBz_14;BrBz_13;BrBz_124;BrBz_135;BrBz_1245;BrBz_123456;ClBz_123456;ClBz_12345;ClBz_1245;ClBz_12;ClBz_14,
m062x_smd,E_ET_V,halobenzene,7,4.4436,7.0629,0.8362,0.6992,0.0191,19.2984,2.7569,1.6604,2.2704,0.4375,,BrBz_14;BrBz_123456;ClBz_123456;ClBz_12345;ClBz_1245;ClBz_12;ClBz_14,
m062x_smd,dG_ET_kcal,halobenzene,7,-0.1926,-11.9567,-0.836,0.699,0.0191,19.3112,2.7587,1.6609,2.2712,0.4371,,BrBz_14;BrBz_123456;ClBz_123456;ClBz_12345;ClBz_1245;ClBz_12;ClBz_14,
m062x_smd,omega_Koopmans_eV,halobenzene,12,10.4233,-14.6669,0.8209,0.6739,0.0011,31.9319,2.661,1.6313,2.6456,0.1422,,BrBz_1;BrBz_14;BrBz_13;BrBz_124;BrBz_135;BrBz_1245;BrBz_123456;ClBz_123456;ClBz_12345;ClBz_1245;ClBz_12;ClBz_14,
m062x_smd,min_pKa_ArH_site,halobenzene,12,-0.3766,12.8432,-0.8127,0.6605,0.0013,33.2421,2.7702,1.6644,2.0372,0.4913,,BrBz_1;BrBz_14;BrBz_13;BrBz_124;BrBz_135;BrBz_1245;BrBz_123456;ClBz_123456;ClBz_12345;ClBz_1245;ClBz_12;ClBz_14,
m062x_smd,min_dG_frag_kcal,halobenzene,7,0.2226,0.6415,0.8114,0.6584,0.0267,21.9132,3.1305,1.7693,2.4724,0.333,,BrBz_14;BrBz_123456;ClBz_123456;ClBz_12345;ClBz_1245;ClBz_12;ClBz_14,
m062x_smd,eff_dG_rad_red_kcal,halobenzene,12,-0.2354,-25.1847,-0.8086,0.6538,0.0015,33.8953,2.8246,1.6807,2.032,0.494,,BrBz_1;BrBz_14;BrBz_13;BrBz_124;BrBz_135;BrBz_1245;BrBz_123456;ClBz_123456;ClBz_12345;ClBz_1245;ClBz_12;ClBz_14,
m062x_smd,eff_dG_frag_kcal,halobenzene,7,0.2247,0.8164,0.8035,0.6456,0.0295,22.7333,3.2476,1.8021,2.5228,0.3055,,BrBz_14;BrBz_123456;ClBz_123456;ClBz_12345;ClBz_1245;ClBz_12;ClBz_14,
m062x_smd,min_dG_rad_red_kcal,halobenzene,12,-0.2385,-25.3594,-0.8015,0.6424,0.0017,35.0149,2.9179,1.7082,2.0817,0.4689,,BrBz_1;BrBz_14;BrBz_13;BrBz_124;BrBz_135;BrBz_1245;BrBz_123456;ClBz_123456;ClBz_12345;ClBz_1245;ClBz_12;ClBz_14,
m062x_smd,eff_dG_2e_carbanion_kcal,halobenzene,12,-0.1858,-31.8554,-0.7901,0.6242,0.0022,36.7948,3.0662,1.7511,2.0718,0.4739,,BrBz_1;BrBz_14;BrBz_13;BrBz_124;BrBz_135;BrBz_1245;BrBz_123456;ClBz_123456;ClBz_12345;ClBz_1245;ClBz_12;ClBz_14,
m062x_smd,min_dG_2e_carbanion_kcal,halobenzene,12,-0.1874,-32.006,-0.7835,0.6139,0.0026,37.8029,3.1502,1.7749,2.1142,0.4522,,BrBz_1;BrBz_14;BrBz_13;BrBz_124;BrBz_135;BrBz_1245;BrBz_123456;ClBz_123456;ClBz_12345;ClBz_1245;ClBz_12;ClBz_14,
m062x_smd,eff_dG_act_combined_kcal @ -2.00 V,halobenzene,12,-0.8412,17.1161,-0.7748,0.6003,0.0031,39.135,3.2613,1.8059,2.205,0.4041,0.498,BrBz_1;BrBz_14;BrBz_13;BrBz_124;BrBz_135;BrBz_1245;BrBz_123456;ClBz_123456;ClBz_12345;ClBz_1245;ClBz_12;ClBz_14,
m062x_smd,eff_dG_act_concerted_kcal @ -2.00 V,halobenzene,12,-0.8412,17.1161,-0.7748,0.6003,0.0031,39.135,3.2613,1.8059,2.205,0.4041,0.498,BrBz_1;BrBz_14;BrBz_13;BrBz_124;BrBz_135;BrBz_1245;BrBz_123456;ClBz_123456;ClBz_12345;ClBz_1245;ClBz_12;ClBz_14,
m062x_smd,eta_Koopmans_eV,halobenzene,12,-5.6291,42.6787,-0.7115,0.5063,0.0095,48.3425,4.0285,2.0071,2.5685,0.1914,,BrBz_1;BrBz_14;BrBz_13;BrBz_124;BrBz_135;BrBz_1245;BrBz_123456;ClBz_123456;ClBz_12345;ClBz_1245;ClBz_12;ClBz_14,
m062x_smd,gap_eV,halobenzene,12,-5.6291,42.6787,-0.7115,0.5063,0.0095,48.3425,4.0285,2.0071,2.5685,0.1914,,BrBz_1;BrBz_14;BrBz_13;BrBz_124;BrBz_135;BrBz_1245;BrBz_123456;ClBz_123456;ClBz_12345;ClBz_1245;ClBz_12;ClBz_14,
m062x_smd,eff_dG_2e_HDH_kcal,halobenzene,12,-0.5063,-110.6046,-0.7018,0.4925,0.011,49.6911,4.1409,2.0349,2.3198,0.3405,,BrBz_1;BrBz_14;BrBz_13;BrBz_124;BrBz_135;BrBz_1245;BrBz_123456;ClBz_123456;ClBz_12345;ClBz_1245;ClBz_12;ClBz_14,
m062x_smd,dG_ET_any_kcal,halobenzene,12,-0.1846,-12.1077,-0.6987,0.4882,0.0115,50.1141,4.1762,2.0436,2.4011,0.2934,,BrBz_1;BrBz_14;BrBz_13;BrBz_124;BrBz_135;BrBz_1245;BrBz_123456;ClBz_123456;ClBz_12345;ClBz_1245;ClBz_12;ClBz_14,
m062x_smd,eff_dG_1e_kcal,halobenzene,12,-0.7108,-46.6031,-0.6899,0.4759,0.013,51.3124,4.276,2.0679,2.3275,0.3361,,BrBz_1;BrBz_14;BrBz_13;BrBz_124;BrBz_135;BrBz_1245;BrBz_123456;ClBz_123456;ClBz_12345;ClBz_1245;ClBz_12;ClBz_14,
m062x_smd,HOMO_eV,halobenzene,12,-11.3839,-96.8298,-0.6855,0.4699,0.0139,51.9072,4.3256,2.0798,2.4113,0.2874,,BrBz_1;BrBz_14;BrBz_13;BrBz_124;BrBz_135;BrBz_1245;BrBz_123456;ClBz_123456;ClBz_12345;ClBz_1245;ClBz_12;ClBz_14,
m062x_smd,min_dG_2e_HDH_kcal,halobenzene,12,-0.5276,-114.8621,-0.6828,0.4663,0.0144,52.2597,4.355,2.0869,2.3884,0.3009,,BrBz_1;BrBz_14;BrBz_13;BrBz_124;BrBz_135;BrBz_1245;BrBz_123456;ClBz_123456;ClBz_12345;ClBz_1245;ClBz_12;ClBz_14,
m062x_smd,min_dG_1e_kcal,halobenzene,12,-0.7464,-48.4173,-0.6596,0.4351,0.0196,55.3083,4.609,2.1469,2.4345,0.2736,,BrBz_1;BrBz_14;BrBz_13;BrBz_124;BrBz_135;BrBz_1245;BrBz_123456;ClBz_123456;ClBz_12345;ClBz_1245;ClBz_12;ClBz_14,
m062x_smd,min_wiberg_CX_parent,halobenzene,12,114.5464,-122.7574,0.6272,0.3934,0.029,59.3908,4.9492,2.2247,2.5449,0.2062,,BrBz_1;BrBz_14;BrBz_13;BrBz_124;BrBz_135;BrBz_1245;BrBz_123456;ClBz_123456;ClBz_12345;ClBz_1245;ClBz_12;ClBz_14,
m062x_smd,max_spin_vA_X,halobenzene,12,56.9243,-3.5997,0.6121,0.3747,0.0344,61.2218,5.1018,2.2587,2.6181,0.1599,,BrBz_1;BrBz_14;BrBz_13;BrBz_124;BrBz_135;BrBz_1245;BrBz_123456;ClBz_123456;ClBz_12345;ClBz_1245;ClBz_12;ClBz_14,
m062x_smd,lambda_i_kcal,halobenzene,6,0.0624,-4.4654,0.6033,0.364,0.2049,31.7461,5.291,2.3002,4.355,-1.28,,BrBz_14;BrBz_123456;ClBz_12345;ClBz_1245;ClBz_12;ClBz_14,
m062x_smd,min_dG_frag_any_kcal,halobenzene,12,0.1686,-0.7198,0.5895,0.3475,0.0437,63.8891,5.3241,2.3074,2.7352,0.0831,,BrBz_1;BrBz_14;BrBz_13;BrBz_124;BrBz_135;BrBz_1245;BrBz_123456;ClBz_123456;ClBz_12345;ClBz_1245;ClBz_12;ClBz_14,
m062x_smd,eff_dG_frag_any_kcal,halobenzene,12,0.1639,-0.6594,0.5689,0.3236,0.0536,66.224,5.5187,2.3492,2.7843,0.0499,,BrBz_1;BrBz_14;BrBz_13;BrBz_124;BrBz_135;BrBz_1245;BrBz_123456;ClBz_123456;ClBz_12345;ClBz_1245;ClBz_12;ClBz_14,
m062x_smd,eta_dSCF_eV,halobenzene,12,-8.8649,49.7977,-0.5687,0.3235,0.0536,66.2419,5.5202,2.3495,2.7552,0.0697,,BrBz_1;BrBz_14;BrBz_13;BrBz_124;BrBz_135;BrBz_1245;BrBz_123456;ClBz_123456;ClBz_12345;ClBz_1245;ClBz_12;ClBz_14,
m062x_smd,max_fplus_CX,halobenzene,12,39.1057,-7.7712,0.5613,0.3151,0.0576,67.064,5.5887,2.364,2.9158,-0.042,,BrBz_1;BrBz_14;BrBz_13;BrBz_124;BrBz_135;BrBz_1245;BrBz_123456;ClBz_123456;ClBz_12345;ClBz_1245;ClBz_12;ClBz_14,
m062x_smd,LUMO_RA_eV,halobenzene,12,-2.0779,-3.4455,-0.4656,0.2168,0.1272,76.6875,6.3906,2.528,3.0452,-0.1365,,BrBz_1;BrBz_14;BrBz_13;BrBz_124;BrBz_135;BrBz_1245;BrBz_123456;ClBz_123456;ClBz_12345;ClBz_1245;ClBz_12;ClBz_14,
m062x_smd,min_dG0_act_concerted_kcal,halobenzene,12,-0.516,12.4448,-0.4345,0.1888,0.1581,79.4228,6.6186,2.5727,3.0493,-0.1396,0.306,BrBz_1;BrBz_14;BrBz_13;BrBz_124;BrBz_135;BrBz_1245;BrBz_123456;ClBz_123456;ClBz_12345;ClBz_1245;ClBz_12;ClBz_14,
m062x_smd,dipole_D,halobenzene,12,-0.7764,-1.0949,-0.3677,0.1352,0.2396,84.6745,7.0562,2.6564,3.1214,-0.1941,,BrBz_1;BrBz_14;BrBz_13;BrBz_124;BrBz_135;BrBz_1245;BrBz_123456;ClBz_123456;ClBz_12345;ClBz_1245;ClBz_12;ClBz_14,
m062x_smd,max_dr_CX_RA_A,halobenzene,12,-1.1616,-1.3612,-0.3407,0.1161,0.2785,86.547,7.2122,2.6856,3.8321,-0.7998,,BrBz_1;BrBz_14;BrBz_13;BrBz_124;BrBz_135;BrBz_1245;BrBz_123456;ClBz_123456;ClBz_12345;ClBz_1245;ClBz_12;ClBz_14,
m062x_smd,min_BDE_kcal,halobenzene,12,-0.0899,5.5066,-0.2867,0.0822,0.3663,89.8646,7.4887,2.7366,3.2953,-0.3309,,BrBz_1;BrBz_14;BrBz_13;BrBz_124;BrBz_135;BrBz_1245;BrBz_123456;ClBz_123456;ClBz_12345;ClBz_1245;ClBz_12;ClBz_14,
m062x_smd,eff_dG_RA_2e_any_kcal,halobenzene,12,-0.0512,-7.3428,-0.1914,0.0366,0.5513,94.3256,7.8605,2.8037,3.352,-0.377,,BrBz_1;BrBz_14;BrBz_13;BrBz_124;BrBz_135;BrBz_1245;BrBz_123456;ClBz_123456;ClBz_12345;ClBz_1245;ClBz_12;ClBz_14,
m062x_smd,min_dG_RA_2e_any_kcal,halobenzene,12,-0.0465,-6.8179,-0.1715,0.0294,0.5941,95.0323,7.9194,2.8141,3.3674,-0.3898,,BrBz_1;BrBz_14;BrBz_13;BrBz_124;BrBz_135;BrBz_1245;BrBz_123456;ClBz_123456;ClBz_12345;ClBz_1245;ClBz_12;ClBz_14,
m062x_smd,max_spin_RA_X,halobenzene,6,4.3183,-2.8139,0.1622,0.0263,0.7588,48.5977,8.0996,2.846,10.6538,-12.6445,,BrBz_14;BrBz_123456;ClBz_12345;ClBz_1245;ClBz_12;ClBz_14,
m062x_smd,eff_dG_RA_2e_kcal,halobenzene,7,-0.0482,-7.423,-0.0781,0.0061,0.8678,63.7563,9.108,3.018,4.4425,-1.1536,,BrBz_14;BrBz_123456;ClBz_123456;ClBz_12345;ClBz_1245;ClBz_12;ClBz_14,
m062x_smd,min_dG_RA_2e_kcal,halobenzene,7,-0.0172,-3.8836,-0.0278,0.0008,0.9528,64.0982,9.1569,3.026,4.5041,-1.2138,,BrBz_14;BrBz_123456;ClBz_123456;ClBz_12345;ClBz_1245;ClBz_12;ClBz_14,
m062x_smd,VIE_eV,all,12,12.8489,-96.3106,0.9277,0.8606,0.0,13.6506,1.1376,1.0666,1.2436,0.8104,,BrBz_1;BrBz_14;BrBz_13;BrBz_124;BrBz_135;BrBz_1245;BrBz_123456;ClBz_123456;ClBz_12345;ClBz_1245;ClBz_12;ClBz_14,
m062x_smd,radius_A,all,12,13.67,-45.4331,0.9129,0.8335,0.0,16.3059,1.3588,1.1657,1.4238,0.7516,,BrBz_1;BrBz_14;BrBz_13;BrBz_124;BrBz_135;BrBz_1245;BrBz_123456;ClBz_123456;ClBz_12345;ClBz_1245;ClBz_12;ClBz_14,
m062x_smd,mu_dSCF_eV,all,12,-9.5891,-44.3943,-0.9039,0.817,0.0001,17.9146,1.4929,1.2218,1.4817,0.7309,,BrBz_1;BrBz_14;BrBz_13;BrBz_124;BrBz_135;BrBz_1245;BrBz_123456;ClBz_123456;ClBz_12345;ClBz_1245;ClBz_12;ClBz_14,
m062x_smd,polar_iso_A3,all,12,0.5582,-14.8945,0.8996,0.8093,0.0001,18.6711,1.5559,1.2474,1.6821,0.6532,,BrBz_1;BrBz_14;BrBz_13;BrBz_124;BrBz_135;BrBz_1245;BrBz_123456;ClBz_123456;ClBz_12345;ClBz_1245;ClBz_12;ClBz_14,
m062x_smd,max_qCM5_X,all,12,91.4299,0.5937,0.8767,0.7687,0.0002,22.6505,1.8875,1.3739,1.6228,0.6772,,BrBz_1;BrBz_14;BrBz_13;BrBz_124;BrBz_135;BrBz_1245;BrBz_123456;ClBz_123456;ClBz_12345;ClBz_1245;ClBz_12;ClBz_14,
m062x_smd,mu_Koopmans_eV,all,12,-8.6617,-39.8242,-0.8647,0.7477,0.0003,24.7072,2.0589,1.4349,1.8403,0.5849,,BrBz_1;BrBz_14;BrBz_13;BrBz_124;BrBz_135;BrBz_1245;BrBz_123456;ClBz_123456;ClBz_12345;ClBz_1245;ClBz_12;ClBz_14,
m062x_smd,VEA_eV,all,12,7.078,-12.6262,0.8557,0.7322,0.0004,26.2192,2.1849,1.4782,1.7528,0.6235,,BrBz_1;BrBz_14;BrBz_13;BrBz_124;BrBz_135;BrBz_1245;BrBz_123456;ClBz_123456;ClBz_12345;ClBz_1245;ClBz_12;ClBz_14,
m062x_smd,omega_dSCF_eV,all,12,9.5086,-18.0334,0.8545,0.7301,0.0004,26.4277,2.2023,1.484,1.8329,0.5882,,BrBz_1;BrBz_14;BrBz_13;BrBz_124;BrBz_135;BrBz_1245;BrBz_123456;ClBz_123456;ClBz_12345;ClBz_1245;ClBz_12;ClBz_14,
m062x_smd,AEA_elec_eV,all,7,4.1885,-10.5501,0.8432,0.711,0.0171,18.5356,2.6479,1.6272,2.2606,0.4424,,BrBz_14;BrBz_123456;ClBz_123456;ClBz_12345;ClBz_1245;ClBz_12;ClBz_14,
m062x_smd,LUMO_eV,all,12,-5.4048,-4.1605,-0.8423,0.7094,0.0006,28.4492,2.3708,1.5397,2.333,0.3329,,BrBz_1;BrBz_14;BrBz_13;BrBz_124;BrBz_135;BrBz_1245;BrBz_123456;ClBz_123456;ClBz_12345;ClBz_1245;ClBz_12;ClBz_14,
m062x_smd,E_ET_V,all,7,4.4436,7.0629,0.8362,0.6992,0.0191,19.2984,2.7569,1.6604,2.2704,0.4375,,BrBz_14;BrBz_123456;ClBz_123456;ClBz_12345;ClBz_1245;ClBz_12;ClBz_14,
m062x_smd,dG_ET_kcal,all,7,-0.1926,-11.9567,-0.836,0.699,0.0191,19.3112,2.7587,1.6609,2.2712,0.4371,,BrBz_14;BrBz_123456;ClBz_123456;ClBz_12345;ClBz_1245;ClBz_12;ClBz_14,
m062x_smd,n_X,all,14,1.417,-6.8402,0.822,0.6758,0.0003,32.2774,2.3055,1.5184,1.7159,0.5859,,BrBz_1;BrBz_14;BrBz_13;BrBz_124;BrBz_135;BrBz_1245;BrBz_123456;BDE_24_24;BDE_245_24;ClBz_123456;ClBz_12345;ClBz_1245;ClBz_12;ClBz_14,
m062x_smd,omega_Koopmans_eV,all,12,10.4233,-14.6669,0.8209,0.6739,0.0011,31.9319,2.661,1.6313,2.6456,0.1422,,BrBz_1;BrBz_14;BrBz_13;BrBz_124;BrBz_135;BrBz_1245;BrBz_123456;ClBz_123456;ClBz_12345;ClBz_1245;ClBz_12;ClBz_14,
m062x_smd,min_pKa_ArH_site,all,12,-0.3766,12.8432,-0.8127,0.6605,0.0013,33.2421,2.7702,1.6644,2.0372,0.4913,,BrBz_1;BrBz_14;BrBz_13;BrBz_124;BrBz_135;BrBz_1245;BrBz_123456;ClBz_123456;ClBz_12345;ClBz_1245;ClBz_12;ClBz_14,
m062x_smd,min_dG_frag_kcal,all,7,0.2226,0.6415,0.8114,0.6584,0.0267,21.9132,3.1305,1.7693,2.4724,0.333,,BrBz_14;BrBz_123456;ClBz_123456;ClBz_12345;ClBz_1245;ClBz_12;ClBz_14,
m062x_smd,eff_dG_rad_red_kcal,all,12,-0.2354,-25.1847,-0.8086,0.6538,0.0015,33.8953,2.8246,1.6807,2.032,0.494,,BrBz_1;BrBz_14;BrBz_13;BrBz_124;BrBz_135;BrBz_1245;BrBz_123456;ClBz_123456;ClBz_12345;ClBz_1245;ClBz_12;ClBz_14,
m062x_smd,eff_dG_frag_kcal,all,7,0.2247,0.8164,0.8035,0.6456,0.0295,22.7333,3.2476,1.8021,2.5228,0.3055,,BrBz_14;BrBz_123456;ClBz_123456;ClBz_12345;ClBz_1245;ClBz_12;ClBz_14,
m062x_smd,min_dG_rad_red_kcal,all,12,-0.2385,-25.3594,-0.8015,0.6424,0.0017,35.0149,2.9179,1.7082,2.0817,0.4689,,BrBz_1;BrBz_14;BrBz_13;BrBz_124;BrBz_135;BrBz_1245;BrBz_123456;ClBz_123456;ClBz_12345;ClBz_1245;ClBz_12;ClBz_14,
m062x_smd,eff_dG_2e_carbanion_kcal,all,12,-0.1858,-31.8554,-0.7901,0.6242,0.0022,36.7948,3.0662,1.7511,2.0718,0.4739,,BrBz_1;BrBz_14;BrBz_13;BrBz_124;BrBz_135;BrBz_1245;BrBz_123456;ClBz_123456;ClBz_12345;ClBz_1245;ClBz_12;ClBz_14,
m062x_smd,min_dG_2e_carbanion_kcal,all,12,-0.1874,-32.006,-0.7835,0.6139,0.0026,37.8029,3.1502,1.7749,2.1142,0.4522,,BrBz_1;BrBz_14;BrBz_13;BrBz_124;BrBz_135;BrBz_1245;BrBz_123456;ClBz_123456;ClBz_12345;ClBz_1245;ClBz_12;ClBz_14,
m062x_smd,eff_dG_act_combined_kcal @ -2.00 V,all,12,-0.8412,17.1161,-0.7748,0.6003,0.0031,39.135,3.2613,1.8059,2.205,0.4041,0.498,BrBz_1;BrBz_14;BrBz_13;BrBz_124;BrBz_135;BrBz_1245;BrBz_123456;ClBz_123456;ClBz_12345;ClBz_1245;ClBz_12;ClBz_14,
m062x_smd,eff_dG_act_concerted_kcal @ -2.00 V,all,12,-0.8412,17.1161,-0.7748,0.6003,0.0031,39.135,3.2613,1.8059,2.205,0.4041,0.498,BrBz_1;BrBz_14;BrBz_13;BrBz_124;BrBz_135;BrBz_1245;BrBz_123456;ClBz_123456;ClBz_12345;ClBz_1245;ClBz_12;ClBz_14,
m062x_smd,eta_Koopmans_eV,all,12,-5.6291,42.6787,-0.7115,0.5063,0.0095,48.3425,4.0285,2.0071,2.5685,0.1914,,BrBz_1;BrBz_14;BrBz_13;BrBz_124;BrBz_135;BrBz_1245;BrBz_123456;ClBz_123456;ClBz_12345;ClBz_1245;ClBz_12;ClBz_14,
m062x_smd,gap_eV,all,12,-5.6291,42.6787,-0.7115,0.5063,0.0095,48.3425,4.0285,2.0071,2.5685,0.1914,,BrBz_1;BrBz_14;BrBz_13;BrBz_124;BrBz_135;BrBz_1245;BrBz_123456;ClBz_123456;ClBz_12345;ClBz_1245;ClBz_12;ClBz_14,
m062x_smd,eff_dG_2e_HDH_kcal,all,12,-0.5063,-110.6046,-0.7018,0.4925,0.011,49.6911,4.1409,2.0349,2.3198,0.3405,,BrBz_1;BrBz_14;BrBz_13;BrBz_124;BrBz_135;BrBz_1245;BrBz_123456;ClBz_123456;ClBz_12345;ClBz_1245;ClBz_12;ClBz_14,
m062x_smd,dG_ET_any_kcal,all,12,-0.1846,-12.1077,-0.6987,0.4882,0.0115,50.1141,4.1762,2.0436,2.4011,0.2934,,BrBz_1;BrBz_14;BrBz_13;BrBz_124;BrBz_135;BrBz_1245;BrBz_123456;ClBz_123456;ClBz_12345;ClBz_1245;ClBz_12;ClBz_14,
m062x_smd,eff_dG_1e_kcal,all,12,-0.7108,-46.6031,-0.6899,0.4759,0.013,51.3124,4.276,2.0679,2.3275,0.3361,,BrBz_1;BrBz_14;BrBz_13;BrBz_124;BrBz_135;BrBz_1245;BrBz_123456;ClBz_123456;ClBz_12345;ClBz_1245;ClBz_12;ClBz_14,
m062x_smd,HOMO_eV,all,12,-11.3839,-96.8298,-0.6855,0.4699,0.0139,51.9072,4.3256,2.0798,2.4113,0.2874,,BrBz_1;BrBz_14;BrBz_13;BrBz_124;BrBz_135;BrBz_1245;BrBz_123456;ClBz_123456;ClBz_12345;ClBz_1245;ClBz_12;ClBz_14,
m062x_smd,min_dG_2e_HDH_kcal,all,12,-0.5276,-114.8621,-0.6828,0.4663,0.0144,52.2597,4.355,2.0869,2.3884,0.3009,,BrBz_1;BrBz_14;BrBz_13;BrBz_124;BrBz_135;BrBz_1245;BrBz_123456;ClBz_123456;ClBz_12345;ClBz_1245;ClBz_12;ClBz_14,
m062x_smd,min_dG_1e_kcal,all,12,-0.7464,-48.4173,-0.6596,0.4351,0.0196,55.3083,4.609,2.1469,2.4345,0.2736,,BrBz_1;BrBz_14;BrBz_13;BrBz_124;BrBz_135;BrBz_1245;BrBz_123456;ClBz_123456;ClBz_12345;ClBz_1245;ClBz_12;ClBz_14,
m062x_smd,min_wiberg_CX_parent,all,12,114.5464,-122.7574,0.6272,0.3934,0.029,59.3908,4.9492,2.2247,2.5449,0.2062,,BrBz_1;BrBz_14;BrBz_13;BrBz_124;BrBz_135;BrBz_1245;BrBz_123456;ClBz_123456;ClBz_12345;ClBz_1245;ClBz_12;ClBz_14,
m062x_smd,max_spin_vA_X,all,12,56.9243,-3.5997,0.6121,0.3747,0.0344,61.2218,5.1018,2.2587,2.6181,0.1599,,BrBz_1;BrBz_14;BrBz_13;BrBz_124;BrBz_135;BrBz_1245;BrBz_123456;ClBz_123456;ClBz_12345;ClBz_1245;ClBz_12;ClBz_14,
m062x_smd,lambda_i_kcal,all,6,0.0624,-4.4654,0.6033,0.364,0.2049,31.7461,5.291,2.3002,4.355,-1.28,,BrBz_14;BrBz_123456;ClBz_12345;ClBz_1245;ClBz_12;ClBz_14,
m062x_smd,min_dG_frag_any_kcal,all,12,0.1686,-0.7198,0.5895,0.3475,0.0437,63.8891,5.3241,2.3074,2.7352,0.0831,,BrBz_1;BrBz_14;BrBz_13;BrBz_124;BrBz_135;BrBz_1245;BrBz_123456;ClBz_123456;ClBz_12345;ClBz_1245;ClBz_12;ClBz_14,
m062x_smd,eff_dG_frag_any_kcal,all,12,0.1639,-0.6594,0.5689,0.3236,0.0536,66.224,5.5187,2.3492,2.7843,0.0499,,BrBz_1;BrBz_14;BrBz_13;BrBz_124;BrBz_135;BrBz_1245;BrBz_123456;ClBz_123456;ClBz_12345;ClBz_1245;ClBz_12;ClBz_14,
m062x_smd,eta_dSCF_eV,all,12,-8.8649,49.7977,-0.5687,0.3235,0.0536,66.2419,5.5202,2.3495,2.7552,0.0697,,BrBz_1;BrBz_14;BrBz_13;BrBz_124;BrBz_135;BrBz_1245;BrBz_123456;ClBz_123456;ClBz_12345;ClBz_1245;ClBz_12;ClBz_14,
m062x_smd,max_fplus_CX,all,12,39.1057,-7.7712,0.5613,0.3151,0.0576,67.064,5.5887,2.364,2.9158,-0.042,,BrBz_1;BrBz_14;BrBz_13;BrBz_124;BrBz_135;BrBz_1245;BrBz_123456;ClBz_123456;ClBz_12345;ClBz_1245;ClBz_12;ClBz_14,
m062x_smd,LUMO_RA_eV,all,12,-2.0779,-3.4455,-0.4656,0.2168,0.1272,76.6875,6.3906,2.528,3.0452,-0.1365,,BrBz_1;BrBz_14;BrBz_13;BrBz_124;BrBz_135;BrBz_1245;BrBz_123456;ClBz_123456;ClBz_12345;ClBz_1245;ClBz_12;ClBz_14,
m062x_smd,min_dG0_act_concerted_kcal,all,12,-0.516,12.4448,-0.4345,0.1888,0.1581,79.4228,6.6186,2.5727,3.0493,-0.1396,0.306,BrBz_1;BrBz_14;BrBz_13;BrBz_124;BrBz_135;BrBz_1245;BrBz_123456;ClBz_123456;ClBz_12345;ClBz_1245;ClBz_12;ClBz_14,
m062x_smd,dipole_D,all,12,-0.7764,-1.0949,-0.3677,0.1352,0.2396,84.6745,7.0562,2.6564,3.1214,-0.1941,,BrBz_1;BrBz_14;BrBz_13;BrBz_124;BrBz_135;BrBz_1245;BrBz_123456;ClBz_123456;ClBz_12345;ClBz_1245;ClBz_12;ClBz_14,
m062x_smd,max_dr_CX_RA_A,all,12,-1.1616,-1.3612,-0.3407,0.1161,0.2785,86.547,7.2122,2.6856,3.8321,-0.7998,,BrBz_1;BrBz_14;BrBz_13;BrBz_124;BrBz_135;BrBz_1245;BrBz_123456;ClBz_123456;ClBz_12345;ClBz_1245;ClBz_12;ClBz_14,
m062x_smd,min_BDE_kcal,all,12,-0.0899,5.5066,-0.2867,0.0822,0.3663,89.8646,7.4887,2.7366,3.2953,-0.3309,,BrBz_1;BrBz_14;BrBz_13;BrBz_124;BrBz_135;BrBz_1245;BrBz_123456;ClBz_123456;ClBz_12345;ClBz_1245;ClBz_12;ClBz_14,
m062x_smd,eff_dG_RA_2e_any_kcal,all,12,-0.0512,-7.3428,-0.1914,0.0366,0.5513,94.3256,7.8605,2.8037,3.352,-0.377,,BrBz_1;BrBz_14;BrBz_13;BrBz_124;BrBz_135;BrBz_1245;BrBz_123456;ClBz_123456;ClBz_12345;ClBz_1245;ClBz_12;ClBz_14,
m062x_smd,min_dG_RA_2e_any_kcal,all,12,-0.0465,-6.8179,-0.1715,0.0294,0.5941,95.0323,7.9194,2.8141,3.3674,-0.3898,,BrBz_1;BrBz_14;BrBz_13;BrBz_124;BrBz_135;BrBz_1245;BrBz_123456;ClBz_123456;ClBz_12345;ClBz_1245;ClBz_12;ClBz_14,
m062x_smd,max_spin_RA_X,all,6,4.3183,-2.8139,0.1622,0.0263,0.7588,48.5977,8.0996,2.846,10.6538,-12.6445,,BrBz_14;BrBz_123456;ClBz_12345;ClBz_1245;ClBz_12;ClBz_14,
m062x_smd,eff_dG_RA_2e_kcal,all,7,-0.0482,-7.423,-0.0781,0.0061,0.8678,63.7563,9.108,3.018,4.4425,-1.1536,,BrBz_14;BrBz_123456;ClBz_123456;ClBz_12345;ClBz_1245;ClBz_12;ClBz_14,
m062x_smd,min_dG_RA_2e_kcal,all,7,-0.0172,-3.8836,-0.0278,0.0008,0.9528,64.0982,9.1569,3.026,4.5041,-1.2138,,BrBz_14;BrBz_123456;ClBz_123456;ClBz_12345;ClBz_1245;ClBz_12;ClBz_14,
